Titre,QID_ouvrage,Auteur,image,QID_Auteur,pays de nationalité,Nationalité,EAN,mois_début,jour_début,Année_début,date_début,mois_fin,jour_fin,année_fin,date_fin,ecart_date,Genre auteur,Format,Pages,Editeur
"Trap : Rap, drogue, argent, survie",,"Adeyemi Kemi,  Raphaël Da Cruz,  Kaluža  Jernej",,,,N/A,9782492469039,6,18,2021,2021-06-18T00:00:00Z,6,22,2021,2021-06-22T00:00:00Z,4,C,Broché,175,"Audimat Éditions, Éditions Divergences"
L'Art de perdre,Q55597531,Alice Zeniter,AliceZeniterManosque.jpg,Q2836679,France,Française,9782081418011,6,20,2022,2022-06-20T00:00:00Z,6,29,2022,2022-06-29T00:00:00Z,9,F,Ebook,512,Flammarion
Toute une moitié du monde,,Alice Zeniter,AliceZeniterManosque.jpg,Q2836679,France,Française,9782080259332,11,1,2022,2022-11-01T00:00:00Z,11,4,2022,2022-11-04T00:00:00Z,3,F,Ebook,240,Flammarion
Juste avant l’oubli,,Alice Zeniter,AliceZeniterManosque.jpg,Q2836679,France,Française,9782081334816,3,30,2023,2023-03-30T00:00:00Z,4,4,2023,2023-04-04T00:00:00Z,5,F,Ebook,288,Flammarion
La Saga Crispr,,Aline Richard,,Q88152410,,Française,9782081375741,5,5,2022,2022-05-05T00:00:00Z,5,16,2022,2022-05-16T00:00:00Z,11,F,Ebook,400,Flammarion
L'Homme qui savait la langue des serpents,Q6807713,Andrus Kivirähk,Andrus Kivirähk 2021. aasta Kirjandustänava festivalil.jpg,Q514424,Union soviétique,Estonienne,9782370550637,8,15,2022,2022-08-15T00:00:00Z,8,26,2022,2022-08-26T00:00:00Z,11,M,Ebook,480,Le Tripode
Wikidata,,Anne Chardonnens,,Q92088361,Suisse,Suisse,,1,14,2021,2021-01-14T00:00:00Z,1,18,2021,2021-01-18T00:00:00Z,4,F,Broché,420,
Gorilla Girl,,Anne Schmauch,,Q95386821,France,Française,9782377314690,7,26,2021,2021-07-26T00:00:00Z,7,29,2021,2021-07-29T00:00:00Z,3,F,Ebook,369,Sarbacane
Tombeaux,,Annette Wieviorka,Annette Wieviorka par Claude Truong-Ngoc.JPG,Q2851520,France,Française,9782021478181,2,3,2023,2023-02-03T00:00:00Z,3,4,2023,2023-03-04T00:00:00Z,29,F,Ebook,384,Seuil
Les Armoires vides,,Annie Ernaux,Annie Ernaux in 2022 (2 av 11).jpg,Q1153825,France,Française,9782070376001,5,31,2021,2021-05-31T00:00:00Z,6,4,2021,2021-06-04T00:00:00Z,4,F,Ebook,192,Gallimard
Les Années,Q3230588,Annie Ernaux,Annie Ernaux in 2022 (2 av 11).jpg,Q1153825,France,Française,9782070779222,8,1,2023,2023-08-01T00:00:00Z,8,4,2023,2023-08-04T00:00:00Z,3,F,Ebook,256,Gallimard
Dondog,,Antoine Volodine,Antoine Volodine (2014).jpg,Q2266367,France,Française,9782020617109,1,10,2020,2020-01-10T00:00:00Z,1,15,2020,2020-01-15T00:00:00Z,5,M,Broché,368,Seuil
Vies oubliées,,Arlette Farge,Arlette Farge historienne.jpg,Q2861628,France,Française,9782348045738,6,9,2023,2023-06-09T00:00:00Z,6,17,2023,2023-06-17T00:00:00Z,8,F,Ebook,304,La Découverte
La vérité sur la lumière,,Auður Ava Ólafsdóttir,Audur Ava ÓLAFSDÓTTIR.jpg,Q454068,Islande,Islandaise,9791038700642,5,28,2022,2022-05-28T00:00:00Z,5,31,2022,2022-05-31T00:00:00Z,3,F,Ebook,224,Zulma
Le Rouge vif de la rhubarbe,Q97279379,Auður Ava Ólafsdóttir,Audur Ava ÓLAFSDÓTTIR.jpg,Q454068,Islande,Islandaise,9782843048173,4,11,2021,2021-04-11T00:00:00Z,4,11,2021,2021-04-11T00:00:00Z,0,F,Ebook,160,Zulma
Rosa candida,Q16598520,Auður Ava Ólafsdóttir,Audur Ava ÓLAFSDÓTTIR.jpg,Q454068,Islande,Islandaise,9782843045219,4,11,2021,2021-04-11T00:00:00Z,4,17,2021,2021-04-17T00:00:00Z,6,F,Ebook,333,Zulma
L'Embellie,Q15945206,Auður Ava Ólafsdóttir,Audur Ava ÓLAFSDÓTTIR.jpg,Q454068,Islande,Islandaise,9782843045899,4,17,2021,2021-04-17T00:00:00Z,4,21,2021,2021-04-21T00:00:00Z,4,F,Ebook,395,Zulma
L'Exception,,Auður Ava Ólafsdóttir,Audur Ava ÓLAFSDÓTTIR.jpg,Q454068,Islande,Islandaise,9782843046957,4,21,2021,2021-04-21T00:00:00Z,4,25,2021,2021-04-25T00:00:00Z,4,F,Ebook,338,Zulma
Ör,,Auður Ava Ólafsdóttir,Audur Ava ÓLAFSDÓTTIR.jpg,Q454068,Islande,Islandaise,9782843048067,4,26,2021,2021-04-26T00:00:00Z,5,1,2021,2021-05-01T00:00:00Z,5,F,Ebook,240,Zulma
Miss Islande,,Auður Ava Ólafsdóttir,Audur Ava ÓLAFSDÓTTIR.jpg,Q454068,Islande,Islandaise,9782843048692,5,2,2021,2021-05-02T00:00:00Z,5,8,2021,2021-05-08T00:00:00Z,6,F,Ebook,288,Zulma
Sex-shop,,Baptiste Coulmont,,Q58235950,,Française,9782916275161,1,15,2020,2020-01-15T00:00:00Z,1,25,2020,2020-01-25T00:00:00Z,10,M,Broché,264,Dilecta
Camarade Lune,,Barbara Balzerani,Barbara balzerani.jpg,Q3634588,Italie,Italienne,9782366244281,9,3,2023,2023-09-03T00:00:00Z,9,10,2023,2023-09-10T00:00:00Z,7,F,Ebook,176,Cambourakis
"Alger, rue des Bananiers",,Béatrice Commengé,Béatrice Commengé.jpg,Q2929429,France,Française,9782378560836,11,7,2023,2023-11-07T00:00:00Z,11,12,2023,2023-11-12T00:00:00Z,5,F,Broché,128,Verdier
Tout le monde peut être féministe,,bell hooks,Bellhooks.jpg,Q259507,États-Unis,Américaine,9791097088286,8,27,2022,2022-08-27T00:00:00Z,8,27,2022,2022-08-27T00:00:00Z,0,F,Broché,168,Divergences
La volonté de changer,,bell hooks,Bellhooks.jpg,Q259507,États-Unis,Américaine,9791097088415,8,28,2022,2022-08-28T00:00:00Z,9,9,2022,2022-09-09T00:00:00Z,12,F,Broché,240,Divergences
Le démon de l'écriture,,Ben Kafka,,Q112523678,,Américaine,9782930601083,1,2,2021,2021-01-02T00:00:00Z,1,4,2021,2021-01-04T00:00:00Z,2,M,Broché,182,Zones Sensibles Editions
Vövöl,,Bérengère Cournut,Bérengère Cournut - Librairie Mollat.jpg,Q67089108,France,Française,9782370553539,10,28,2023,2023-10-28T00:00:00Z,10,28,2023,2023-10-28T00:00:00Z,0,F,Broché,96,Le Tripode
Vivre vite,Q115133963,Brigitte Giraud,Brigitte Giraud (2017).png,Q916286,France,Française,9782080207340,9,22,2022,2022-09-22T00:00:00Z,9,23,2022,2022-09-23T00:00:00Z,1,F,Ebook,208,Flammarion
Controverses mode d'emploi,,Bruno Latour,Bruno Latour in Taiwan P1250394 (cropped).jpg,Q355237,France,Française,9782724627152,2,11,2021,2021-02-11T00:00:00Z,2,14,2021,2021-02-14T00:00:00Z,3,C,Broché,317,Presses de Sciences Po
Où atterrir ?,,Bruno Latour,Bruno Latour in Taiwan P1250394 (cropped).jpg,Q355237,France,Française,9782707197009,5,10,2021,2021-05-10T00:00:00Z,5,13,2021,2021-05-13T00:00:00Z,3,M,Ebook,127,La Découverte
Où suis-je ? - Leçons du confinement à l'usage des terrestres,,Bruno Latour,Bruno Latour in Taiwan P1250394 (cropped).jpg,Q355237,France,Française,9782359252002,7,23,2021,2021-07-23T00:00:00Z,7,26,2021,2021-07-26T00:00:00Z,3,M,Ebook,192,Empêcheurs de penser rond
Open Design: Fabrication numérique et mouvement maker (Esthétique des données),,Camille Bosqué,,,,Française,9782490077588,9,2,2021,2021-09-02T00:00:00Z,9,12,2021,2021-09-12T00:00:00Z,10,F,Broché,216,B42
"Thésée, sa vie nouvelle",,Camille de Toledo,Camille de Toledo - Mantovani©Gallimard.jpg,Q2935117,France,Française,9782378560775,2,28,2021,2021-02-28T00:00:00Z,3,4,2021,2021-03-04T00:00:00Z,4,M,Broché,251,Verdier
Pleine et douce,,Camille Froidevaux-Metterie,Camille Froidevaux Metterie-cr.jpg,Q47093256,France,Française,9782848054674,6,24,2023,2023-06-24T00:00:00Z,6,25,2023,2023-06-25T00:00:00Z,1,F,Ebook,224,Sabine Wespieser
Un corps à soi,,Camille Froidevaux-Metterie,Camille Froidevaux Metterie-cr.jpg,Q47093256,France,Française,9782021448665,7,6,2023,2023-07-06T00:00:00Z,7,23,2023,2023-07-23T00:00:00Z,17,F,Ebook,352,Seuil
À l’ombre de l’histoire des autres,,Camille Lefebvre,,Q109195474,France,Française,9782713228902,3,28,2023,2023-03-28T00:00:00Z,4,6,2023,2023-04-06T00:00:00Z,9,F,Broché,200,EHESS
Des pays au crépuscule,,Camille Lefebvre,,Q109195474,France,Française,9782213718101,5,5,2023,2023-05-05T00:00:00Z,5,12,2023,2023-05-12T00:00:00Z,7,F,Broché,352,Fayard
Les damnées de la mer - Femmes et frontières en Méditerranée,,Camille Schmoll,Camille Schmoll-FIG 2022 (1).jpg,Q3651431,France,Française,9782348041075,11,14,2022,2022-11-14T00:00:00Z,11,20,2022,2022-11-20T00:00:00Z,6,F,Ebook,248,La Découverte
Algorithmes : la bombe à retardement,,Cathy O'Neil,Cathy O'Neil at Google Cambridge.jpg,Q16499729,États-Unis,Américaine,9782352049807,11,24,2020,2020-11-24T00:00:00Z,11,30,2020,2020-11-30T00:00:00Z,6,F,Ebook,340,Les Arènes
Le roi n’a pas sommeil,,Cécile Coulon,CCoulon SoifDeLire.jpg,Q3009720,France,Française,9782878585094,2,7,2022,2022-02-07T00:00:00Z,2,14,2022,2022-02-14T00:00:00Z,7,F,Ebook,152,Viviane Hamy
Le pied à terre,,Cécile Coulon,CCoulon SoifDeLire.jpg,Q3009720,France,Française,9782080253446,11,27,2022,2022-11-27T00:00:00Z,11,27,2022,2022-11-27T00:00:00Z,0,F,Broché,192,Arthaud
Noir volcan,,Cécile Coulon,CCoulon SoifDeLire.jpg,Q3009720,France,Française,9791027802449,9,4,2021,2021-09-04T00:00:00Z,9,5,2021,2021-09-05T00:00:00Z,1,F,Broché,148,Castor Astral
Petit éloge du running,,Cécile Coulon,CCoulon SoifDeLire.jpg,Q3009720,France,Française,9791025203798,9,5,2021,2021-09-05T00:00:00Z,9,6,2021,2021-09-06T00:00:00Z,1,F,Ebook,128,Les Nouvelles Editions François Bourin
Une bête au paradis,Q75684980,Cécile Coulon,CCoulon SoifDeLire.jpg,Q3009720,France,Française,9782378800789,1,26,2020,2020-01-26T00:00:00Z,1,29,2020,2020-01-29T00:00:00Z,3,F,Ebook,354,L’Iconoclaste
Les grande villes n’existent pas,,Cécile Coulon,CCoulon SoifDeLire.jpg,Q3009720,France,Française,9782370210999,2,29,2020,2020-02-29T00:00:00Z,2,29,2020,2020-02-29T00:00:00Z,0,F,Broché,112,Raconter la vie
Le rire du grand blessé,,Cécile Coulon,CCoulon SoifDeLire.jpg,Q3009720,France,Française,9782878585841,1,8,2023,2023-01-08T00:00:00Z,1,11,2023,2023-01-11T00:00:00Z,3,F,Ebook,136,Viviane Hamy
Faillir être flingué,Q17354519,Céline Minard,,Q3010178,France,Française,9782743625832,8,11,2023,2023-08-11T00:00:00Z,8,16,2023,2023-08-16T00:00:00Z,5,F,Ebook,336,Rivages
Le grand jeu,,Céline Minard,,Q3010178,France,Française,9782743637507,9,12,2023,2023-09-12T00:00:00Z,9,17,2023,2023-09-17T00:00:00Z,5,F,Ebook,192,Rivages
Les héroïnes de séries américaines,,Céline Morin,,,,Française,9782869064911,4,11,2020,2020-04-11T00:00:00Z,4,13,2020,2020-04-13T00:00:00Z,2,F,Ebook,288,François Rabelais
En transit,,Céline Regnard,,Q112535602,,Française,9782381910161,3,3,2023,2023-03-03T00:00:00Z,3,12,2023,2023-03-12T00:00:00Z,9,F,Broché,456,Anamosa
Americanah,Q16154159,Chimamanda Ngozi Adichie,Chimamanda Ngozi Adichie (2015).png,Q230141,Nigeria,Nigériane,9782070142354,5,16,2021,2021-05-16T00:00:00Z,5,23,2021,2021-05-23T00:00:00Z,7,F,Ebook,528,Gallimard
Dans ma maison sous terre,,Chloé Delaume,Chloe Delaume.jpg,Q2964194,France,Française,9782020983020,1,23,2023,2023-01-23T00:00:00Z,1,25,2023,2023-01-25T00:00:00Z,2,F,Broché,216,Seuil
Le Cœur synthétique,Q101243705,Chloé Delaume,Chloe Delaume.jpg,Q2964194,France,Française,9782021425451,9,21,2023,2023-09-21T00:00:00Z,9,26,2023,2023-09-26T00:00:00Z,5,F,Broché,208,Seuil
Ce genre de petites choses,,Claire Keegan,Dublin Writers Festival 2007 (686228986) (cropped).jpg,Q278917,Irlande,Irlandaise,9782848053721,7,27,2023,2023-07-27T00:00:00Z,7,29,2023,2023-07-29T00:00:00Z,2,F,Ebook,120,Sabine Wespieser
La passion selon G.H,,Clarice Lispector,Clarice Lispector (cropped).jpg,Q235955,République socialiste soviétique d'Ukraine,Brésilienne,9782721008510,1,25,2023,2023-01-25T00:00:00Z,1,31,2023,2023-01-31T00:00:00Z,6,F,Broché,225,Des Femmes - Antoinette Fouque
Romance in Marseille,Q96402475,Claude McKay,Mackey.jpg,Q1096967,colonie de Jamaïque,Américaine,9791097210069,8,5,2022,2022-08-05T00:00:00Z,8,6,2022,2022-08-06T00:00:00Z,1,M,Ebook,148,Héliotropismes
Boys don’t cry,,Coll.,,,,N/A,9782753518278,4,22,2020,2020-04-22T00:00:00Z,5,15,2020,2020-05-15T00:00:00Z,23,C,Ebook,332,Presses Universitaire de Rennes
Histoire de la Normandie,,Coll.,,,,N/A,2000166985317,7,22,2020,2020-07-22T00:00:00Z,10,3,2020,2020-10-03T00:00:00Z,73,C,Broché,540,Privat
Big Data et traçabilité numérique,,Coll.,,,,N/A,9782722604667,12,8,2020,2020-12-08T00:00:00Z,12,31,2020,2020-12-31T00:00:00Z,23,C,Ebook,218,Collège de France
Love Me Tender,Q123852804,Constance Debré,CDebré.jpg,Q47486826,France,Française,9782081471733,11,15,2023,2023-11-15T00:00:00Z,11,23,2023,2023-11-23T00:00:00Z,8,F,Broché,192,Flammarion
Seule en sa demeure,,Cécile Coulon,CCoulon SoifDeLire.jpg,Q3009720,France,Française,9782378802400,5,5,2021,2021-05-05T00:00:00Z,5,15,2021,2021-05-15T00:00:00Z,10,F,Ebook,333,L’Iconoclaste
Le bal au Kremlin,,Curzio Malaparte,Curzio Malaparte.jpg,Q312637,Italie,Italienne,9782070767120,1,22,2022,2022-01-22T00:00:00Z,1,23,2022,2022-01-23T00:00:00Z,1,M,Broché,196,Gallimard
Le compagnon de voyage,,Curzio Malaparte,Curzio Malaparte.jpg,Q312637,Italie,Italienne,9782710330905,3,1,2020,2020-03-01T00:00:00Z,3,1,2020,2020-03-01T00:00:00Z,0,M,Ebook,112,Quai Voltaire
Ce qui ne peut être volé,,Cynthia Fleury et Antoine Fenoglio,,,,Française,9782072997327,10,24,2022,2022-10-24T00:00:00Z,10,25,2022,2022-10-25T00:00:00Z,1,C,Ebook,48,Gallimard
L’état qu’il nous faut,,"Daniel Agacinski, Romain Beaucher, Céline Danion",,,,Française,9782701321639,10,24,2022,2022-10-24T00:00:00Z,10,30,2022,2022-10-30T00:00:00Z,6,C,Broché,163,Berger-Levrault
Ce que je ne veux pas savoir,Q104239955,Deborah Levy,,Q5248308,Royaume-Uni,Sud-africaine,9782364684508,6,25,2021,2021-06-25T00:00:00Z,6,26,2021,2021-06-26T00:00:00Z,1,F,Ebook,144,Du Sous-sol
Le Coût de la vie,Q104240153,Deborah Levy,,Q5248308,Royaume-Uni,Sud-africaine,9782364684546,9,19,2021,2021-09-19T00:00:00Z,9,20,2021,2021-09-20T00:00:00Z,1,F,Ebook,160,Du Sous-sol
Etat des lieux,,Deborah Levy,,Q5248308,Royaume-Uni,Sud-africaine,9782364685796,5,27,2023,2023-05-27T00:00:00Z,5,31,2023,2023-05-31T00:00:00Z,4,F,Ebook,240,Du Sous-sol
Missak (roman),Q123903189,Didier Daeninckx,Didier Daeninckx (Huma 2006).jpg,Q1210536,France,Française,9782262028022,4,7,2023,2023-04-07T00:00:00Z,4,10,2023,2023-04-10T00:00:00Z,3,M,Broché,300,Perrin
La Fameuse Invasion de la Sicile par les ours,,Dino Buzzati,Dino Buzzati.jpg,Q242095,Italie,Italienne,9782075118781,11,6,2020,2020-11-06T00:00:00Z,11,8,2020,2020-11-08T00:00:00Z,2,M,Broché,176,Gallimard
"Black feminism : anthologie du féminisme africain-américain, 1975-2000",,dir. Elsa Dorlin,,,,N/A,9782296051041,5,18,2023,2023-05-18T00:00:00Z,5,31,2023,2023-05-31T00:00:00Z,13,F,Broché,266,L’Harmattan
Le Bois de la nuit,Q11918676,Djuna Barnes,Djunabarnes.jpg,Q234721,États-Unis,Américaine,9782757893975,1,15,2023,2023-01-15T00:00:00Z,1,17,2023,2023-01-17T00:00:00Z,2,F,Broché,208,Points
Marseille 73,,Dominique Manotti,Dominique Manotti (2006).jpg,Q273277,France,Française,9791037501196,1,7,2023,2023-01-07T00:00:00Z,1,8,2023,2023-01-08T00:00:00Z,1,F,Ebook,385,Les Arènes
Le Silence,,Don DeLillo,Don delillo nyc 02.jpg,Q310048,États-Unis,Américaine,9782330149307,4,10,2021,2021-04-10T00:00:00Z,4,11,2021,2021-04-11T00:00:00Z,1,M,Ebook,112,Actes Sud
Americana,Q3614114,Don DeLillo,Don delillo nyc 02.jpg,Q310048,États-Unis,Américaine,9782742726530,3,1,2020,2020-03-01T00:00:00Z,3,17,2020,2020-03-17T00:00:00Z,16,M,Broché,464,Actes Sud
La rumeur d’Orléans,,Edgar Morin,Edgar Morin2.jpg,Q317880,France,Française,9782021199406,3,5,2022,2022-03-05T00:00:00Z,3,12,2022,2022-03-12T00:00:00Z,7,M,Ebook,256,Le Seuil
Show Boat,Q1249322,Edna Ferber,Edna-Ferber-1928.jpg,Q283496,États-Unis,Américaine,9782366247596,7,7,2023,2023-07-07T00:00:00Z,7,14,2023,2023-07-14T00:00:00Z,7,F,Broché,470,Cambourakis
Mémoires vives,Q66061138,Edward Snowden,Edward Snowden-2.jpg,Q13424289,États-Unis,Américaine,9782021441048,3,17,2020,2020-03-17T00:00:00Z,3,26,2020,2020-03-26T00:00:00Z,9,M,Ebook,384,Seuil
D'Afrique en Palestine,,Edward Wilmot Blyden,Blyden E W 3c35638r.jpg,Q384338,Liberia,Libérienne,9782271126511,8,31,2021,2021-08-31T00:00:00Z,9,1,2021,2021-09-01T00:00:00Z,1,M,Ebook,206,CNRS édition
Celle qui fuit et celle qui reste,Q55517451,Elena Ferrante,,Q368127,Italie,Italienne,9782070178407,10,25,2021,2021-10-25T00:00:00Z,11,3,2021,2021-11-03T00:00:00Z,9,F,Broché,480,Gallimard
Se défendre,,Elsa Dorlin,Elsa Dorlin 2020.jpg,Q3051714,France,Française,9782355221101,6,7,2022,2022-06-07T00:00:00Z,6,20,2022,2022-06-20T00:00:00Z,13,F,Ebook,200,Zones
Crimes sexuels et société à la fin de l’Ancien Régime,,Enora Peronneau Saint-Jalmes,,,,Française,9782262095956,7,7,2022,2022-07-07T00:00:00Z,7,18,2022,2022-07-18T00:00:00Z,11,F,Ebook,500,Perrin
Comédies françaises,Q104182980,Éric Reinhardt,Éric Reinhardt salon radio france 2011.jpg,Q3591329,France,Française,9782072796982,9,26,2020,2020-09-26T00:00:00Z,10,18,2020,2020-10-18T00:00:00Z,22,M,Broché,480,Gallimard
Une sortie honorable,,Éric Vuillard,VUILLARD-J16-bertini-1002405.jpg,Q3591401,France,Française,9782330159665,7,5,2022,2022-07-05T00:00:00Z,7,5,2022,2022-07-05T00:00:00Z,0,M,Ebook,208,Actes Sud
Conquistadors,,Éric Vuillard,VUILLARD-J16-bertini-1002405.jpg,Q3591401,France,Française,9782330053222,8,7,2022,2022-08-07T00:00:00Z,8,14,2022,2022-08-14T00:00:00Z,7,M,Broché,400,Actes Sud
Parcourir la terre disparue,,Erin Swan,,,,Américaine,9782351782798,8,4,2023,2023-08-04T00:00:00Z,8,8,2023,2023-08-08T00:00:00Z,4,F,Ebook,496,Gallmeister
Le goût du vrai,,Étienne Klein,Étienne Klein - Utopiales 2015 - E96A0689.JPG,Q3592228,France,Française,9782072916717,2,19,2022,2022-02-19T00:00:00Z,2,19,2022,2022-02-19T00:00:00Z,0,M,Broché,64,Gallimard
Les imaginaires numériques au musée ?,,Eva Sandri,,Q130601184,,Française,9791092305647,1,6,2021,2021-01-06T00:00:00Z,1,8,2021,2021-01-08T00:00:00Z,2,F,Broché,124,MkF Éditions
Le mirage numérique,Q63952801,Evgeny Morozov,Wer kann die neue Zukunft machen? (17333061348).jpg,Q93054,Biélorussie,Biélorusse,9782350961132,10,18,2020,2020-10-18T00:00:00Z,10,20,2020,2020-10-20T00:00:00Z,2,M,Broché,144,Les Prairies Ordinaires
Jean des bandes noires,,Florence Alazard,,Q49164033,,Française,9782379338656,8,16,2023,2023-08-16T00:00:00Z,8,19,2023,2023-08-19T00:00:00Z,3,F,Ebook,248,Passés composés
Le quai de Ouistream,,Florence Aubenas,FIG 2015 - Florence Aubenas 03.jpg,Q446723,France,Française,9782879296777,12,13,2020,2020-12-13T00:00:00Z,12,16,2020,2020-12-16T00:00:00Z,3,F,Ebook,276,L’Olivier
Les masques et la mosquée,,François-Xavier Fauvelle,François Xavier Fauvelle 01593.jpg,Q24939907,France,Française,9782271143709,9,26,2022,2022-09-26T00:00:00Z,10,9,2022,2022-10-09T00:00:00Z,13,M,Ebook,400,CNRS édition
Féminisme décolonial,,Françoise Vergès,W2439-TableRonde TraiteEsclavageRacisme FrancoiseVerges Crop 6089.JPG,Q3086620,France,Française,9782358721745,4,14,2020,2020-04-14T00:00:00Z,4,15,2020,2020-04-15T00:00:00Z,1,F,Ebook,208,La Fabrique
Décolonisons les arts!,,"Françoise Vergès, Leïla Cukierman,  Gerty Dambury",,,,Française,9782851819451,3,27,2021,2021-03-27T00:00:00Z,3,29,2021,2021-03-29T00:00:00Z,2,F,Broché,144,L'Arche
Une femme à contre-jour,,Gaëlle Josse,Gaëlle Josse-FIG 2019.jpg,Q3099889,France,Française,9782882505682,8,16,2020,2020-08-16T00:00:00Z,8,18,2020,2020-08-18T00:00:00Z,2,F,Ebook,160,Noir sur blanc
Situer le numérique,,Gauthier Roussilhe,,Q122168615,,Française,,12,10,2020,2020-12-10T00:00:00Z,12,13,2020,2020-12-13T00:00:00Z,3,M,Ebook,,
L’invention de la mémoire,,Georges Chapoutier,,,,Française,9782271089335,10,23,2020,2020-10-23T00:00:00Z,11,1,2020,2020-11-01T00:00:00Z,9,M,Ebook,300,CNRS édition
La Ferme des animaux,Q1396889,George Orwell,"George Orwell, c. 1940 (41928180381).jpg",Q3335,Royaume-Uni,Britannique,9782377291168,1,31,2022,2022-01-31T00:00:00Z,2,5,2022,2022-02-05T00:00:00Z,5,M,Broché,168,Libertalia
La privatisation numérique,,Gilles Jeannot et Simon Cottin-Marx,,,,Française,9791097084240,5,17,2022,2022-05-17T00:00:00Z,5,22,2022,2022-05-22T00:00:00Z,5,M,Broché,160,Raisons d’agir
La certitude du doute,,Goliarda Sapienza,Goliarda Sapienza.jpg,Q1587727,Italie,Italienne,9782370550453,6,30,2022,2022-06-30T00:00:00Z,7,4,2022,2022-07-04T00:00:00Z,4,F,Broché,240,Le Tripode
L'Art de la joie,Q17354844,Goliarda Sapienza,Goliarda Sapienza.jpg,Q1587727,Italie,Italienne,9782370550446,1,2,2021,2021-01-02T00:00:00Z,2,2,2021,2021-02-02T00:00:00Z,31,F,Ebook,640,Le Tripode
Les certitudes du doute,Q28671007,Goliarda Sapienza,Goliarda Sapienza.jpg,Q1587727,Italie,Italienne,9782370550453,1,30,2020,2020-01-30T00:00:00Z,2,8,2020,2020-02-08T00:00:00Z,9,F,Broché,240,Le Tripode
Le fil de midi,,Goliarda Sapienza,Goliarda Sapienza.jpg,Q1587727,Italie,Italienne,9782370553355,2,7,2023,2023-02-07T00:00:00Z,2,11,2023,2023-02-11T00:00:00Z,4,F,Broché,253,Le Tripode
Lettre ouverte,Q28671643,Goliarda Sapienza,Goliarda Sapienza.jpg,Q1587727,Italie,Italienne,9782370552402,2,11,2023,2023-02-11T00:00:00Z,2,16,2023,2023-02-16T00:00:00Z,5,F,Broché,238,Le Tripode
Dirty Week-end,,Helen Zahavi,,Q952749,Royaume-Uni,Britannique,9782369147091,7,23,2023,2023-07-23T00:00:00Z,7,27,2023,2023-07-27T00:00:00Z,4,F,Ebook,224,Libretto
L’impossible patrimoine numérique ?,,Hélène Bourdeloie et Christine Chevret-Castellani,,,,Française,9782356875167,1,5,2022,2022-01-05T00:00:00Z,1,11,2022,2022-01-11T00:00:00Z,6,F,Broché,143,Le Bord de l’eau
Ruines biens rangées,,Hélène Cixous,Hélène Cixous par Claude Truong-Ngoc 2011.jpg,Q234964,France,Française,9782072860188,2,2,2022,2022-02-02T00:00:00Z,2,6,2022,2022-02-06T00:00:00Z,4,F,Ebook,160,Gallimard
Sans ciel ni terre,,Hélène Dumas,Hélène Dumas 2014.png,Q46034408,France,Française,9782348057892,8,31,2023,2023-08-31T00:00:00Z,9,6,2023,2023-09-06T00:00:00Z,6,F,Broché,307,La Découverte
Des blancs comme les autres ?,,Illana Weizman,Illana Weizman par Marie Rouge dans Libération.jpg,Q107001797,France,Française | Israélienne,9782234092365,3,8,2023,2023-03-08T00:00:00Z,3,12,2023,2023-03-12T00:00:00Z,4,F,Ebook,232,Stock
Le Votant,Q2079836,Isaac Asimov,Isaac.Asimov01.jpg,Q34981,Russie soviétique,Américaine,9782369352297,11,9,2020,2020-11-09T00:00:00Z,11,11,2020,2020-11-11T00:00:00Z,2,M,Broché,56,Passager clandestin
Carnet de mémoires coloniales,,Isabela Figueiredo,Isabela Figueiredo-FIG 2022.jpg,Q30244378,Portugal,Portugaise,9782367322223,3,2,2022,2022-03-02T00:00:00Z,3,5,2022,2022-03-05T00:00:00Z,3,F,Ebook,238,Chandeigne
Photo de famille,,Isabelle Clair et Elsa Dorlin,,,,Française,9782713229176,8,15,2022,2022-08-15T00:00:00Z,8,24,2022,2022-08-24T00:00:00Z,9,F,Broché,464,EHESS
Le complexe de la sorcière,,Isabelle Sorente,,Q3155034,France,Française,9782709666268,4,16,2020,2020-04-16T00:00:00Z,4,20,2020,2020-04-20T00:00:00Z,4,F,Ebook,300,Lattes
Harry Potter à l'école des sorciers,,J. K. Rowling,J. K. Rowling 2010.jpg,Q34660,Royaume-Uni,Britannique,9782070584628,12,1,2020,2020-12-01T00:00:00Z,12,8,2020,2020-12-08T00:00:00Z,7,F,Broché,320,Gallimard
Harry Potter et la Chambre des secrets,,J. K. Rowling,J. K. Rowling 2010.jpg,Q34660,Royaume-Uni,Britannique,9782070584642,1,14,2021,2021-01-14T00:00:00Z,2,1,2021,2021-02-01T00:00:00Z,18,F,Broché,368,European Schoolbooks Ltd
Les statues de la discorde,,Jacqueline Lalouette,Jacqueline Lalouette.png,Q3157747,France,Française,9782379336409,10,2,2023,2023-10-02T00:00:00Z,10,6,2023,2023-10-06T00:00:00Z,4,F,Ebook,240,Passés composés
Mal d'archive. Une impression freudienne,,Jacques Derrida,Jaques Derrida (cropped).jpg,Q130631,France,Française,9782718604541,1,29,2021,2021-01-29T00:00:00Z,2,1,2021,2021-02-01T00:00:00Z,3,M,Broché,150,Galilée
Meurtres à Atlanta,,James Baldwin,James Baldwin 37 Allan Warren (cropped).jpg,Q273210,États-Unis,Américaine,9782234088238,8,5,2020,2020-08-05T00:00:00Z,8,8,2020,2020-08-08T00:00:00Z,3,M,Ebook,180,Stock
American Tabloid,,James Ellroy,JamesEllroy.jpg,Q318487,États-Unis,Américaine,9782743656485,5,15,2020,2020-05-15T00:00:00Z,6,6,2020,2020-06-06T00:00:00Z,22,M,Broché,784,Rivages
Americain Death trip,,James Ellroy,JamesEllroy.jpg,Q318487,États-Unis,Américaine,9782743611705,6,6,2020,2020-06-06T00:00:00Z,7,15,2020,2020-07-15T00:00:00Z,39,M,Broché,960,Rivages
Underworld USA,,James Ellroy,JamesEllroy.jpg,Q318487,États-Unis,Américaine,9782743656492,7,16,2020,2020-07-16T00:00:00Z,8,4,2020,2020-08-04T00:00:00Z,19,M,Broché,928,Rivages
Orgueil et Préjugés,Q170583,Jane Austen,CassandraAusten-JaneAusten(c.1810) hires.jpg,Q36322,Royaume-Uni de Grande-Bretagne et d'Irlande,Britannique,9782081229501,4,4,2020,2020-04-04T00:00:00Z,4,11,2020,2020-04-11T00:00:00Z,7,F,Ebook,368,Flammarion
La femme silencieuse,,Janet Malcolm,Janet Malcolm 3.18.13a.jpg,Q6153486,États-Unis,Américaine,9782364685390,6,18,2023,2023-06-18T00:00:00Z,6,26,2023,2023-06-26T00:00:00Z,8,F,Ebook,240,Du Sous-sol
Terra Alta,,Javier Cercas,Javier Cercas (2019)II.jpg,Q381920,Espagne,Espagnole,9782330150143,7,23,2022,2022-07-23T00:00:00Z,7,26,2022,2022-07-26T00:00:00Z,3,M,Ebook,320,Actes Sud
Indépendance,,Javier Cercas,Javier Cercas (2019)II.jpg,Q381920,Espagne,Espagnole,9782330165437,7,26,2022,2022-07-26T00:00:00Z,8,2,2022,2022-08-02T00:00:00Z,7,M,Ebook,352,Actes Sud
Les Lois de la frontière,Q16589523,Javier Cercas,Javier Cercas (2019)II.jpg,Q381920,Espagne,Espagnole,9782330027100,5,24,2021,2021-05-24T00:00:00Z,5,28,2021,2021-05-28T00:00:00Z,4,M,Broché,352,Actes Sud
Vie de Gérard Fulmard,Q81035136,Jean Echenoz,Jean Echenoz (2016).png,Q353882,France,Française,9782707345875,8,19,2020,2020-08-19T00:00:00Z,8,21,2020,2020-08-21T00:00:00Z,2,M,Ebook,240,Minuit
Dans la forêt,,Jean Hegland,Jean Hegland.tif,Q22004865,États-Unis,Américaine,9782351786444,6,30,2023,2023-06-30T00:00:00Z,7,6,2023,2023-07-06T00:00:00Z,6,F,Ebook,320,Gallmeister
La Grande escapade,,Jean-Philippe Blondel,Jean-Philippe Blondel-Festival international de géographie 2011 (2).jpg,Q3168750,France,Française,9782283031834,6,27,2021,2021-06-27T00:00:00Z,7,6,2021,2021-07-06T00:00:00Z,9,M,Ebook,72,Buchet-Chastel
Un si petit monde,,Jean-Philippe Blondel,Jean-Philippe Blondel-Festival international de géographie 2011 (2).jpg,Q3168750,France,Française,9782283034088,9,15,2021,2021-09-15T00:00:00Z,9,19,2021,2021-09-19T00:00:00Z,4,M,Ebook,256,Buchet-Chastel
Tous ceux qui tombent,,Jérémie Foa,,Q45832557,France,Française,9782348057885,12,6,2021,2021-12-06T00:00:00Z,12,14,2021,2021-12-14T00:00:00Z,8,M,Ebook,352,La Découverte
Girandulata,,Jérôme Colonna d’Istria,,,,Française,9782361572945,2,26,2022,2022-02-26T00:00:00Z,2,27,2022,2022-02-27T00:00:00Z,1,M,Broché,200,Transboréal
L’Amérique,,Joan Didion,Joan Didion at the Brooklyn Book Festival.jpg,Q267691,États-Unis,Américaine,9782253156499,11,19,2022,2022-11-19T00:00:00Z,11,27,2022,2022-11-27T00:00:00Z,8,F,Broché,336,Grasset
Enquête sur les pratiques savantes ordinaires,,Joëlle Le Marec et François Mairesse,,,,Française,9782356875143,1,1,2022,2022-01-01T00:00:00Z,1,1,2022,2022-01-01T00:00:00Z,0,C,Broché,136,Le Bord de l’eau
1919,Q42186888,John Dos Passos,John dos Passos.jpg,Q312407,États-Unis,Américaine,9782072836282,7,30,2021,2021-07-30T00:00:00Z,8,12,2021,2021-08-12T00:00:00Z,13,M,Ebook,560,Gallimard
Le 42e Parallèle,Q20664267,John Dos Passos,John dos Passos.jpg,Q312407,États-Unis,Américaine,9782070376940,2,9,2021,2021-02-09T00:00:00Z,2,28,2021,2021-02-28T00:00:00Z,19,M,Broché,484,Gallimard
La guerre de Sécession,,John Keegan,,Q363722,Royaume-Uni,Américaine,9782262032494,1,12,2022,2022-01-12T00:00:00Z,1,31,2022,2022-01-31T00:00:00Z,19,M,Ebook,516,Perrin
Expo 58,Q20898659,Jonathan Coe,Jonathan Coe.jpg,Q734278,Royaume-Uni,Britannique,9782070455102,4,22,2020,2020-04-22T00:00:00Z,4,26,2020,2020-04-26T00:00:00Z,4,M,Broché,368,Gallimard
Testament à l’anglaise,,Jonathan Coe,Jonathan Coe.jpg,Q734278,Royaume-Uni,Britannique,9782070403264,8,23,2020,2020-08-23T00:00:00Z,9,5,2020,2020-09-05T00:00:00Z,13,M,Broché,688,Gallimard
Crossroads,Q108743629,Jonathan Franzen,Jonathan Franzen 2011 Shankbone 2.JPG,Q316607,États-Unis,Américaine,9782823614565,11,24,2022,2022-11-24T00:00:00Z,12,19,2022,2022-12-19T00:00:00Z,25,M,Ebook,704,L’Olivier
Le déclin de la lune,,Joseph Coulson,JCphoto.jpg,Q6282301,États-Unis,Américaine,9782848050379,1,3,2020,2020-01-03T00:00:00Z,1,10,2020,2020-01-10T00:00:00Z,7,M,Broché,496,Sabine Wespieser
La nuit. Le sommeil. La mort. Les étoiles.,,Joyce Carol Oates,Joyce carol oates 2014.jpg,Q217557,États-Unis,Américaine,9782848768953,1,1,2022,2022-01-01T00:00:00Z,1,19,2022,2022-01-19T00:00:00Z,18,F,Ebook,923,Philippe Rey
Folles nuits,,Joyce Carol Oates,Joyce carol oates 2014.jpg,Q217557,États-Unis,Américaine,9782848761824,6,5,2022,2022-06-05T00:00:00Z,6,16,2022,2022-06-16T00:00:00Z,11,F,Broché,238,Philippe Rey
Le Pouvoir des Mots: Discours de haine et politique du performatif,,Judith Butler,JudithButler2013.jpg,Q219368,États-Unis,Américaine,9782354801656,2,2,2021,2021-02-02T00:00:00Z,2,9,2021,2021-02-09T00:00:00Z,7,F,Broché,237,Amsterdam
"Ce qui fait une vie: Essai sur la violence, la guerre et le deuil",,Judith Butler,JudithButler2013.jpg,Q219368,États-Unis,Américaine,9782355220289,4,5,2021,2021-04-05T00:00:00Z,4,10,2021,2021-04-10T00:00:00Z,5,F,Ebook,180,La Découverte
Propriété privée,,Julia Deck,,Q18630101,France,Française,9782707347220,8,8,2023,2023-08-08T00:00:00Z,8,8,2023,2023-08-08T00:00:00Z,0,F,Ebook,176,Minuit
Liv Maria,Q112191590,Julia Kerninon,Julia Kerninon (2019).png,Q3189049,France,Française,9782378801540,11,29,2022,2022-11-29T00:00:00Z,11,30,2022,2022-11-30T00:00:00Z,1,F,Ebook,270,L’Iconoclaste
Toucher la terre ferme,,Julia Kerninon,Julia Kerninon (2019).png,Q3189049,France,Française,9782378802752,10,26,2023,2023-10-26T00:00:00Z,10,27,2023,2023-10-27T00:00:00Z,1,F,Ebook,115,Iconoclaste
Général Gouraud,,Julie d’Andurain,,Q29840990,France,Française,9782262035884,12,1,2023,2023-12-01T00:00:00Z,12,15,2023,2023-12-15T00:00:00Z,14,F,Ebook,512,Perrin
Qu’on leur donne le chaos,,Kae Tempest,Kate Tempest - Haldern Pop Festival 2017-6.jpg,Q6375824,Royaume-Uni,Britannique,9782381980447,5,14,2023,2023-05-14T00:00:00Z,5,14,2023,2023-05-14T00:00:00Z,0,F,Broché,160,L'Arche
L’écho du lac,,Kapka Kassabova,Kapa kassabova 3280375.jpg,Q544381,Bulgarie,Bulgare,9791095582632,4,13,2022,2022-04-13T00:00:00Z,4,22,2022,2022-04-22T00:00:00Z,9,F,Ebook,480,Marchialy
Lisière,,Kapka Kassabova,Kapa kassabova 3280375.jpg,Q544381,Bulgarie,Bulgare,9791095582502,5,1,2022,2022-05-01T00:00:00Z,5,18,2022,2022-05-18T00:00:00Z,17,F,Broché,488,Marchialy
Étranger,,Karine Parrot,,Q62630977,France,Française,9782381910741,10,1,2023,2023-10-01T00:00:00Z,10,2,2023,2023-10-02T00:00:00Z,1,F,Broché,112,Anamosa
Histoires de la nuit,Q98791640,Laurent Mauvignier,Laurent Mauvignier salon radio france 2011.jpg,Q551589,France,Française,9782707347268,11,15,2020,2020-11-15T00:00:00Z,11,23,2020,2020-11-23T00:00:00Z,8,M,Ebook,608,Minuit
"Le français va très bien, merci",Q120720545,Les linguistes atterrées,,,,N/A,9782073036698,8,27,2023,2023-08-27T00:00:00Z,8,27,2023,2023-08-27T00:00:00Z,0,C,Ebook,64,Gallimard
Ton coeur a la forme d’une île,,Laure Limongi,Lauregreen.jpg,Q3218769,France,Française,9782246826170,12,5,2021,2021-12-05T00:00:00Z,12,6,2021,2021-12-06T00:00:00Z,1,F,Ebook,252,Gallimard
Le web français de la Grande Guerre,,"Lionel Maurel, Valérie Beaudoin",,,,Française,9782840163145,6,23,2021,2021-06-23T00:00:00Z,7,19,2021,2021-07-19T00:00:00Z,26,C,Broché,348,Presses universitaire Paris-Nanterre
"Quatre heures, vingt deux minutes et dix-huit secondes",,Lionel Shriver,Lionel Shriver at Cannes.jpg,Q622232,États-Unis,Américaine,9782714494375,11,4,2022,2022-11-04T00:00:00Z,11,14,2022,2022-11-14T00:00:00Z,10,F,Ebook,384,Belfond
A prendre ou à laisser,,Lionel Shriver,Lionel Shriver at Cannes.jpg,Q622232,États-Unis,Américaine,9782714495846,4,26,2023,2023-04-26T00:00:00Z,5,5,2023,2023-05-05T00:00:00Z,9,F,Ebook,288,Belfond
Au pays qui te ressemble,,Lisa Ginzburg,,Q28058616,Italie,Italienne,9782864329893,11,15,2023,2023-11-15T00:00:00Z,11,26,2023,2023-11-26T00:00:00Z,11,F,Broché,224,Verdier
Le Problème à trois corps,Q607112,Liu Cixin,Geek Bar Tor authors event - Cixin Liu (18397919319).jpg,Q607588,république populaire de Chine,Chinois,9782330070748,12,15,2021,2021-12-15T00:00:00Z,12,26,2021,2021-12-26T00:00:00Z,11,M,Ebook,432,Actes Sud
Chavirer,Q104091803,Lola Lafon,Lola Lafon - Atlantide 2018 2.jpg,Q3258767,France,Française,9782330139346,9,10,2022,2022-09-10T00:00:00Z,9,12,2022,2022-09-12T00:00:00Z,2,F,Ebook,352,Actes Sud
Quand tu écouteras cette chanson,,Lola Lafon,Lola Lafon - Atlantide 2018 2.jpg,Q3258767,France,Française,9782234092471,10,9,2022,2022-10-09T00:00:00Z,10,10,2022,2022-10-10T00:00:00Z,1,F,Ebook,180,Stock
La Petite Communiste qui ne souriait jamais,Q20972517,Lola Lafon,Lola Lafon - Atlantide 2018 2.jpg,Q3258767,France,Française,9782330051204,12,4,2022,2022-12-04T00:00:00Z,12,5,2022,2022-12-05T00:00:00Z,1,F,Broché,302,Actes Sud
"Mercy, Mary, Patty",,Lola Lafon,Lola Lafon - Atlantide 2018 2.jpg,Q3258767,France,Française,9782330081782,1,3,2023,2023-01-03T00:00:00Z,1,6,2023,2023-01-06T00:00:00Z,3,F,Ebook,240,Actes Sud
Une fièvre impossible à négocier,,Lola Lafon,Lola Lafon - Atlantide 2018 2.jpg,Q3258767,France,Française,9782330066802,2,23,2023,2023-02-23T00:00:00Z,3,2,2023,2023-03-02T00:00:00Z,7,F,Broché,336,Actes Sud
De ça je me console,,Lola Lafon,Lola Lafon - Atlantide 2018 2.jpg,Q3258767,France,Française,9782330081508,3,19,2023,2023-03-19T00:00:00Z,3,27,2023,2023-03-27T00:00:00Z,8,F,Broché,384,Actes Sud
Nous sommes les oiseaux de la tempête qui s'annonce,,Lola Lafon,Lola Lafon - Atlantide 2018 2.jpg,Q3258767,France,Française,9782330032760,4,22,2023,2023-04-22T00:00:00Z,5,3,2023,2023-05-03T00:00:00Z,11,F,Broché,432,Actes Sud
"Le loup, l ‘épée et les étoiles",,Lola Lafon,Lola Lafon - Atlantide 2018 2.jpg,Q3258767,France,Française,9782815943598,6,17,2023,2023-06-17T00:00:00Z,6,17,2023,2023-06-17T00:00:00Z,0,F,Ebook,128,L’Aube
La Guerre des boutons,Q3209669,Louis Pergaud,Louis Pergaud.jpg,Q602468,France,Française,9782013230049,4,23,2022,2022-04-23T00:00:00Z,5,12,2022,2022-05-12T00:00:00Z,19,M,Broché,224,Gallimard
Papa courait les paris,,Louise Meriwether,,Q6688853,États-Unis,Américaine,9782384820009,7,14,2023,2023-07-14T00:00:00Z,7,18,2023,2023-07-18T00:00:00Z,4,F,Broché,231,Philippe Rey
Les femmes aussi sont du voyage,,Lucie Azema,Lucie-Azema.jpg,Q106806623,France,Française,9782080208613,5,8,2021,2021-05-08T00:00:00Z,5,10,2021,2021-05-10T00:00:00Z,2,F,Ebook,330,Flammarion
Algérie 1962,,Malika Rahal,"Malika Rahal (22e Maghreb des Livres, Paris, 13 et 14 février 2016).jpg",Q28495533,France,Française,9782348073038,3,24,2022,2022-03-24T00:00:00Z,4,8,2022,2022-04-08T00:00:00Z,15,F,Ebook,496,La Découverte
L'Œuvre au noir,Q38793,Marguerite Yourcenar,Marguerite Yourcenar-Bailleul-1982.10.04.Bernhard De Grendel (10).jpg,Q163118,France,Française,9782070367986,6,5,2021,2021-06-05T00:00:00Z,6,24,2021,2021-06-24T00:00:00Z,19,F,Ebook,480,Gallimard
Mémoires d'Hadrien,,Marguerite Yourcenar,Marguerite Yourcenar-Bailleul-1982.10.04.Bernhard De Grendel (10).jpg,Q163118,France,Française,9782070369218,7,7,2021,2021-07-07T00:00:00Z,7,25,2021,2021-07-25T00:00:00Z,18,F,Ebook,364,Gallimard
Rhapsodie balkanique,,Maria Kassimova-Moisset,,,,Bulgare,9782940701629,10,28,2023,2023-10-28T00:00:00Z,11,6,2023,2023-11-06T00:00:00Z,9,F,Broché,274,Syrtes
Pratiques d'archives à l'époque moderne,,"Maria Pia Donato, Anne Saada",,,,N/A,9782406085539,4,17,2021,2021-04-17T00:00:00Z,4,30,2021,2021-04-30T00:00:00Z,13,F,Broché,488,Classiques Garnier
La Horde,,Marie Favereau,,Q108999722,France,Française,9782262099558,10,14,2023,2023-10-14T00:00:00Z,11,3,2023,2023-11-03T00:00:00Z,20,F,Broché,432,Perrin
Créer des services innovants : stratégies et répertoire d'actions pour les bibliothèques,,Marie-Christine Jacquinet,,,,Française,9782910227906,9,21,2021,2021-09-21T00:00:00Z,9,23,2021,2021-09-23T00:00:00Z,2,F,Broché,172,ENSSIB
Histoire du fils,Q104144936,Marie-Hélène Lafon,Marie-Hélène Lafon par Claude Truong-Ngoc octobre 2014.jpg,Q3291890,France,Française,9782283032800,3,5,2021,2021-03-05T00:00:00Z,3,7,2021,2021-03-07T00:00:00Z,2,F,Ebook,176,Buchet-Chastel
L’annonce,,Marie-Hélène Lafon,Marie-Hélène Lafon par Claude Truong-Ngoc octobre 2014.jpg,Q3291890,France,Française,9782070437702,3,13,2023,2023-03-13T00:00:00Z,3,22,2023,2023-03-22T00:00:00Z,9,F,Ebook,160,Buchet-Chastel
Le pays d’en haut,,Marie-Hélène Lafon,Marie-Hélène Lafon par Claude Truong-Ngoc octobre 2014.jpg,Q3291890,France,Française,9782081443839,4,11,2023,2023-04-11T00:00:00Z,4,13,2023,2023-04-13T00:00:00Z,2,F,Broché,160,Arthaud
Les pays,,Marie-Hélène Lafon,Marie-Hélène Lafon par Claude Truong-Ngoc octobre 2014.jpg,Q3291890,France,Française,9782283037157,4,24,2023,2023-04-24T00:00:00Z,4,26,2023,2023-04-26T00:00:00Z,2,F,Ebook,192,Buchet-Chastel
Les sources,,Marie-Hélène Lafon,Marie-Hélène Lafon par Claude Truong-Ngoc octobre 2014.jpg,Q3291890,France,Française,9782283036600,5,12,2023,2023-05-12T00:00:00Z,5,14,2023,2023-05-14T00:00:00Z,2,F,Ebook,128,Buchet-Chastel
Mo,,Marie-Hélène Lafon,Marie-Hélène Lafon par Claude Truong-Ngoc octobre 2014.jpg,Q3291890,France,Française,9782283037126,11,26,2023,2023-11-26T00:00:00Z,11,28,2023,2023-11-28T00:00:00Z,2,F,Broché,144,Buchet-Chastel
Les pères lointains,,Marina Jarre,Marina Jarre e Romano Battaglia.png,Q3848036,Italie,Lettone,9782267051414,7,29,2023,2023-07-29T00:00:00Z,8,1,2023,2023-08-01T00:00:00Z,3,F,Ebook,280,Bourgois
Marx et la Poupée,Q30739759,Maryam Madjidi,Maryam Madjidi 05027 Cormontreuil.jpg,Q28824018,Iran,Iranienne,9782371000438,4,9,2022,2022-04-09T00:00:00Z,4,13,2022,2022-04-13T00:00:00Z,4,F,Ebook,202,Nouvel Attila
Il n'y aura pas de sang versé,,Maryline Desbiolles,Maryline Desbiolles (2015).png,Q33476,France,Française,9782848054780,5,15,2023,2023-05-15T00:00:00Z,5,16,2023,2023-05-16T00:00:00Z,1,F,Ebook,152,Sabine Wespieser
Rupture,,Maryline Desbiolles,Maryline Desbiolles (2015).png,Q33476,France,Française,9782081414204,6,26,2023,2023-06-26T00:00:00Z,6,28,2023,2023-06-28T00:00:00Z,2,F,Ebook,128,Flammarion
Flux,,Mathieu Quet,,,,Française,9782355221774,11,1,2022,2022-11-01T00:00:00Z,11,27,2022,2022-11-27T00:00:00Z,26,M,Broché,157,Zones
Lisières du corps,,Mathieu Riboulet,Mathieu riboulet - Le Corps des Anges.jpg,Q3298851,France,Française,9782864328049,2,19,2023,2023-02-19T00:00:00Z,2,21,2023,2023-02-21T00:00:00Z,2,M,Broché,80,Verdier
Le Corps des anges,Q16653599,Mathieu Riboulet,Mathieu riboulet - Le Corps des Anges.jpg,Q3298851,France,Française,9782070774197,6,7,2023,2023-06-07T00:00:00Z,6,11,2023,2023-06-11T00:00:00Z,4,M,Broché,104,Gallimard
Qu’est-ce que le patrimoine numérique ?,,Matteo Treleani,,Q107332731,Italie,Italienne,9782356875150,11,6,2020,2020-11-06T00:00:00Z,11,7,2020,2020-11-07T00:00:00Z,1,M,Broché,104,Le Bord de l’eau
Colomba de chair et de sang,,Max Carabelli de Fozzano,,,,Française,9782884150279,12,5,2022,2022-12-05T00:00:00Z,12,11,2022,2022-12-11T00:00:00Z,6,M,Broché,209,Josette Rousseau
Je sais pourquoi chante l’oiseau en cage,,Maya Angelou,Maya Angelou visits YCP Feb 2013.jpg,Q19526,États-Unis,Américaine,9782922868821,8,20,2023,2023-08-20T00:00:00Z,8,27,2023,2023-08-27T00:00:00Z,7,F,Ebook,352,Les Allusifs
Canoës,Q107570566,Maylis de Kerangal,FIG 2016 - Maylis de Kerangal.jpg,Q464150,France,Française,9782072945564,3,12,2022,2022-03-12T00:00:00Z,3,16,2022,2022-03-16T00:00:00Z,4,F,Broché,176,Verticales
Ni fleurs ni couronnes,,Maylis de Kerangal,FIG 2016 - Maylis de Kerangal.jpg,Q464150,France,Française,9782070777204,7,20,2021,2021-07-20T00:00:00Z,7,21,2021,2021-07-21T00:00:00Z,1,F,Ebook,128,Verticales
Un monde à portée de main,Q60221513,Maylis de Kerangal,FIG 2016 - Maylis de Kerangal.jpg,Q464150,France,Française,9782072790522,8,9,2020,2020-08-09T00:00:00Z,8,15,2020,2020-08-15T00:00:00Z,6,F,Ebook,288,Verticales
La vie voyageuse,,Maylis de Kerangal,FIG 2016 - Maylis de Kerangal.jpg,Q464150,France,Française,9782843351617,11,12,2023,2023-11-12T00:00:00Z,11,14,2023,2023-11-14T00:00:00Z,2,F,Broché,160,Verticales
Seyvoz,,"Maylis de Kerangal, Joy Sorman",,,,Française,9782360841394,5,31,2022,2022-05-31T00:00:00Z,6,4,2022,2022-06-04T00:00:00Z,4,F,Ebook,100,Inculte
Ok Computer,,Michel Delville,,Q3309445,Belgique,Française,9782919296323,2,24,2020,2020-02-24T00:00:00Z,2,29,2020,2020-02-29T00:00:00Z,5,M,Broché,96,Densite
Une histoire populaire du football,,Mickaël Correia,,Q110804104,France,Française,9782348058677,8,19,2021,2021-08-19T00:00:00Z,8,28,2021,2021-08-28T00:00:00Z,9,M,Ebook,509,La Découverte
Parce que Vénus a frôlé un cyclamen le jour de ma naissance,,Mona Høvring,,Q11989844,Norvège,Norvégienne,9782882506900,6,4,2022,2022-06-04T00:00:00Z,6,4,2022,2022-06-04T00:00:00Z,0,F,Broché,160,Notabilia
L'Opoponax,Q3204567,Monique Wittig,Monique Wittig (ph. Colette Geoffrey) (cropped).jpg,Q263201,France,Française,9782707344472,1,31,2023,2023-01-31T00:00:00Z,2,7,2023,2023-02-07T00:00:00Z,7,F,Broché,272,Minuit
La Pensée straight,Q3211463,Monique Wittig,Monique Wittig (ph. Colette Geoffrey) (cropped).jpg,Q263201,France,Française,9782354801755,2,21,2023,2023-02-21T00:00:00Z,2,26,2023,2023-02-26T00:00:00Z,5,F,Broché,200,Amsterdam
Les Guerilleres,,Monique Wittig,Monique Wittig (ph. Colette Geoffrey) (cropped).jpg,Q263201,France,Française,9782707345707,8,19,2023,2023-08-19T00:00:00Z,8,20,2023,2023-08-20T00:00:00Z,1,F,Ebook,208,Minuit
Les petites vertus,,Natalia Ginzburg,Natalia Ginzburg.jpg,Q275985,Italie,Italienne,9782356541017,1,19,2023,2023-01-19T00:00:00Z,1,22,2023,2023-01-22T00:00:00Z,3,F,Broché,176,Ypsilon
Assemblage,,Natasha Brown,,Q6968446,États-Unis,Britannique,9782246828235,5,14,2023,2023-05-14T00:00:00Z,5,14,2023,2023-05-14T00:00:00Z,0,F,Ebook,160,Grasset
Une histoire de France,,Nathalie Heinich,Nathalie Heinich.jpg,Q3336600,France,Française,9782081470088,3,26,2020,2020-03-26T00:00:00Z,3,28,2020,2020-03-28T00:00:00Z,2,F,Ebook,240,Flammarion
Cavale,,Nathalie Quintane,Nathalie-Quintane.jpg,Q3336659,France,Française,9782846821353,10,30,2023,2023-10-30T00:00:00Z,11,29,2023,2023-11-29T00:00:00Z,30,F,Ebook,256,P.O.L
Sensible,,Nedjma Kacimi,,,,Française,9782366245936,3,12,2023,2023-03-12T00:00:00Z,3,18,2023,2023-03-18T00:00:00Z,6,F,Broché,253,Cambourakis
Leurs enfants après eux,Q65046673,Nicolas Mathieu,Nicolas Mathieu - 2018 (cropped).jpg,Q19545117,France,Française,9782330108717,5,22,2022,2022-05-22T00:00:00Z,5,28,2022,2022-05-28T00:00:00Z,6,M,Ebook,432,Actes Sud
Connemara,,Nicolas Mathieu,Nicolas Mathieu - 2018 (cropped).jpg,Q19545117,France,Française,9782330159702,7,18,2022,2022-07-18T00:00:00Z,7,23,2022,2022-07-23T00:00:00Z,5,M,Ebook,400,Actes Sud
Vers une république des biens communs ?,,"Nicole Alix, Jean-Louis Bancel, Benjamin Coriat, Frédéric Sultan",,,,Française,9791020906120,2,28,2022,2022-02-28T00:00:00Z,3,19,2022,2022-03-19T00:00:00Z,19,C,Broché,320,Les liens qui libèrent
Le temps des humanités digitales,,Olivier Le Deuff,Olivier Le Deuff.jpg,Q59139893,France,Française,9782364051225,10,3,2020,2020-10-03T00:00:00Z,10,10,2020,2020-10-10T00:00:00Z,7,M,Broché,176,FYP
"Ma sœur, serial killeuse",,Oyinkan Braithwaite,,Q64532867,Nigeria,Nigériane,9782413015659,5,15,2022,2022-05-15T00:00:00Z,5,19,2022,2022-05-19T00:00:00Z,4,F,Ebook,240,Delcourt
Histoire du rock à Marseille,,Pascal Escobar,,,,Française,9782361397739,2,8,2020,2020-02-08T00:00:00Z,2,11,2020,2020-02-11T00:00:00Z,3,M,Broché,352,Le mot et le reste
La Saison des prunes,,Patrice Nganang,Patrice Nganang 20100328 Salon du livre de Paris 2.jpg,Q2057135,Cameroun,Camerounaise,9782848762890,9,12,2022,2022-09-12T00:00:00Z,9,22,2022,2022-09-22T00:00:00Z,10,M,Ebook,448,Philippe Rey
L’espace public au Moyen Âge,,Patrick Boucheron et Nicolas Offenstadt,,,,Française,9782130740261,2,14,2022,2022-02-14T00:00:00Z,2,26,2022,2022-02-26T00:00:00Z,12,C,Ebook,380,Presses universitaire de France
La colonisation du quotidien,,Patrick Cingolani,,Q116161037,,Française,9782354802271,5,7,2022,2022-05-07T00:00:00Z,5,15,2022,2022-05-15T00:00:00Z,8,M,Broché,240,Amsterdam
Mélancolie post-coloniale,,Paul Gilroy,PaulGilroy2.jpg,Q329624,Royaume-Uni,Britannique,9782490077267,3,4,2021,2021-03-04T00:00:00Z,3,18,2021,2021-03-18T00:00:00Z,14,M,Broché,207,B42
Pacific Park,Q3850518,Philip K. Dick,Philip K Dick in early 1960s (photo by Arthur Knight) 02 (cropped).jpg,Q171091,États-Unis,Américaine,9782264041890,1,1,2020,2020-01-01T00:00:00Z,1,3,2020,2020-01-03T00:00:00Z,2,M,Broché,244,10-18
Le dossier sauvage,,Philippe Artières,,Q3379243,France,Française,9782072854811,5,28,2021,2021-05-28T00:00:00Z,5,31,2021,2021-05-31T00:00:00Z,3,M,Ebook,168,Verticales
Le peuple du Larzac,,Philippe Artières,,Q3379243,France,Française,9782348042690,6,11,2021,2021-06-11T00:00:00Z,6,16,2021,2021-06-16T00:00:00Z,5,M,Broché,299,La Découverte
Au printemps des monstres,Q108331817,Philippe Jaenada,Philippe Jaenada-Salon du livre en Bretagne 2012 (1).jpg,Q3380060,France,Française,9782080238184,11,4,2021,2021-11-04T00:00:00Z,12,5,2021,2021-12-05T00:00:00Z,31,M,Ebook,752,Mialet-Barrault
La Fabrique du Monstre,,Philippe Pujol,Philippe Pujol par Claude Truong-Ngoc mars 2016.jpg,Q16863972,France,Française,9782352044598,10,22,2021,2021-10-22T00:00:00Z,10,25,2021,2021-10-25T00:00:00Z,3,M,Broché,384,P.O.L
La fabrique du monstre,,Philippe Pujol,Philippe Pujol par Claude Truong-Ngoc mars 2016.jpg,Q16863972,France,Française,9782352044598,2,13,2020,2020-02-13T00:00:00Z,2,17,2020,2020-02-17T00:00:00Z,4,M,Ebook,315,Les Arènes
Charlemagne et Mahomet. En Espagne (VIIIe-IXe siècles) (Folio histoire),,Philippe Sénac,,Q3380752,France,Française,9782070357949,9,22,2021,2021-09-22T00:00:00Z,9,25,2021,2021-09-25T00:00:00Z,3,M,Ebook,432,Gallimard
Mythologies d'hiver,,Pierre Michon,Pierre Michon.jpg,Q732644,France,Française,9782864322641,9,12,2021,2021-09-12T00:00:00Z,9,13,2021,2021-09-13T00:00:00Z,1,M,Broché,87,Verdier
"Numérique, la tentation du service",,Pierre-Damien Huyghe,Pierre-Damien Huyghe.jpg,Q85707317,France,Française,9782490077717,6,29,2022,2022-06-29T00:00:00Z,7,11,2022,2022-07-11T00:00:00Z,12,M,Broché,136,B42
Turing à la plage,,Rachid Guerraoui,,Q59149378,Maroc,Marocain,9782100795550,12,16,2020,2020-12-16T00:00:00Z,12,21,2020,2020-12-21T00:00:00Z,5,M,Ebook,208,Dunod
La Race tue deux fois,,Rachida Brahim,,Q110567588,France,Française,9782849508442,10,16,2023,2023-10-16T00:00:00Z,10,26,2023,2023-10-26T00:00:00Z,10,F,Ebook,228,Syllepse
L’art de Marcher,,Rebecca Solnit,Rebecca Solnit cropped.jpg,Q2134968,États-Unis,Américaine,9782742747405,12,19,2022,2022-12-19T00:00:00Z,12,27,2022,2022-12-27T00:00:00Z,8,F,Broché,400,Actes Sud
Ces hommes qui m’expliquent la vie,,Rebecca Solnit,Rebecca Solnit cropped.jpg,Q2134968,États-Unis,Américaine,9782757888254,4,14,2023,2023-04-14T00:00:00Z,4,22,2023,2023-04-22T00:00:00Z,8,F,Broché,176,Points
Marseille ville morte,,René Rebuffat,,Q16038607,France,Française,9782950284716,9,26,2020,2020-09-26T00:00:00Z,10,25,2020,2020-10-25T00:00:00Z,29,M,Broché,355,Maurice Garçon
Se ressaisir,,Rose-Marie Lagrave,,Q90409167,France,Française,9782348045035,5,31,2023,2023-05-31T00:00:00Z,6,7,2023,2023-06-07T00:00:00Z,7,F,Ebook,432,La Découverte
Exit Wounds,Q5420414,Rutu Modan,Rutu Modan 20080318 Salon du livre 4.jpg,Q2917665,Israël,Israëlienne,9782742771073,4,19,2020,2020-04-19T00:00:00Z,4,21,2020,2020-04-21T00:00:00Z,2,F,Broché,176,Actes Sud
L’ironie du destin,,Sabine Dullin,,Q3460547,France,Française,9782228929295,9,9,2022,2022-09-09T00:00:00Z,10,4,2022,2022-10-04T00:00:00Z,25,F,Broché,304,Payot
Architecture de la contre-révolution,,Samia Henni,,Q111434039,,Algérienne,9782490077205,2,6,2022,2022-02-06T00:00:00Z,2,17,2022,2022-02-17T00:00:00Z,11,F,Broché,352,B42
Personne ne sort les fusils,,Sandra Lucbert,Sandra Lucbert.jpg,Q98915273,France,Française,9782021456554,10,6,2023,2023-10-06T00:00:00Z,10,10,2023,2023-10-10T00:00:00Z,4,F,Ebook,156,Seuil
Le conflit n’est pas une agression,,Sarah Schulman,Sarah Schulman 280603.jpg,Q535211,États-Unis,Américaine,9782490077489,9,1,2021,2021-09-01T00:00:00Z,10,1,2021,2021-10-01T00:00:00Z,30,F,Broché,248,B42
Réenchanter le monde,,Silvia Federici,La escritora y activista feminista Silvia Federici (cropped).jpg,Q597248,États-Unis,Italienne,9782940426638,1,5,2023,2023-01-05T00:00:00Z,1,19,2023,2023-01-19T00:00:00Z,14,F,Broché,304,Entremonde
Féminisme décolonial,,Stéphane Dufoix,,Q30727300,France,Française,9782381910505,4,10,2023,2023-04-10T00:00:00Z,4,15,2023,2023-04-15T00:00:00Z,5,M,Broché,104,Anamosa
"La Supplication - Tchernobyl, chronique du monde après l'apocalypse",Q7939693,Svetlana Aleksievitch,"Світлана Алексієвич (Київ, 2016) 08 (cropped).JPG",Q274334,Biélorussie,Biélorusse,9782290300312,3,19,2021,2021-03-19T00:00:00Z,3,28,2021,2021-03-28T00:00:00Z,9,F,Ebook,250,J'ai Lu
Les Cercueils de zinc,Q21078219,Svetlana Aleksievitch,"Світлана Алексієвич (Київ, 2016) 08 (cropped).JPG",Q274334,Biélorussie,Biélorusse,9782267016307,10,10,2022,2022-10-10T00:00:00Z,10,24,2022,2022-10-24T00:00:00Z,14,F,Ebook,384,Christian Bourgeois
Panthères et pirates,,Sylvain Pattieu,,Q109483742,France,Française,9782348069109,10,25,2022,2022-10-25T00:00:00Z,10,30,2022,2022-10-30T00:00:00Z,5,M,Ebook,300,La Découverte
Forêt-Furieuse,,Sylvain Pattieu,,Q109483742,France,Française,9782812618338,3,28,2020,2020-03-28T00:00:00Z,4,3,2020,2020-04-03T00:00:00Z,6,M,Ebook,656,Rouergue
Les otages,,Taina Tervonen,,Q116059519,France,Française,9782381340302,1,2,2023,2023-01-02T00:00:00Z,1,5,2023,2023-01-05T00:00:00Z,3,F,Broché,300,Marchialy
Le Bateau-usine,Q3182059,Takiji Kobayashi,"Takiji Kobayashi photograph, sitting.jpg",Q405234,Japon,Japonaise,9782844859617,7,21,2021,2021-07-21T00:00:00Z,7,22,2021,2021-07-22T00:00:00Z,1,M,Ebook,176,Allia
Norlisk,,Taline Ter Minassian,,Q3514506,France,Française,9782365090872,1,26,2020,2020-01-26T00:00:00Z,1,26,2020,2020-01-26T00:00:00Z,0,F,Broché,176,B2
La nuit du premier jour,,Theresa Révay,,Q2423899,France,Française,9782226445810,5,16,2023,2023-05-16T00:00:00Z,5,27,2023,2023-05-27T00:00:00Z,11,F,Ebook,496,Albin Michel
La Montagne magique T.2,,Thomas Mann,Thomas Mann 1929.jpg,Q37030,Empire allemand,Allemande,9782253018452,1,16,2020,2020-01-16T00:00:00Z,3,1,2020,2020-03-01T00:00:00Z,45,M,Ebook,458,Livre de poche
L’ami,,Tiffany Tavernier,Tiffany Tavernier (2018).jpg,Q3528268,France,Française,9782848053851,8,27,2023,2023-08-27T00:00:00Z,8,31,2023,2023-08-31T00:00:00Z,4,F,Ebook,264,Sabine Wespieser
L'éblouissement des petites filles,,Timothée Stanculescu,,,,Française,9782080256171,3,18,2022,2022-03-18T00:00:00Z,3,24,2022,2022-03-24T00:00:00Z,6,F,Ebook,368,Flammarion
Le livre d’un été,,Tove Jansson,Tove-Jansson-1956b.jpg,Q102071,Finlande,Finlandaise,9782253194798,9,10,2023,2023-09-10T00:00:00Z,9,12,2023,2023-09-12T00:00:00Z,2,F,Ebook,168,Le livre de poche
La fille du sculpteur,,Tove Jansson,Tove-Jansson-1956b.jpg,Q102071,Finlande,Finlandaise,9782924898864,10,10,2023,2023-10-10T00:00:00Z,10,14,2023,2023-10-14T00:00:00Z,4,F,Ebook,176,La peuplade
Petit Déjeuner chez Tiffany,Q849930,Truman Capote,TrumanCapote1959.jpg,Q134180,États-Unis,Américaine,9782070363643,9,20,2020,2020-09-20T00:00:00Z,9,27,2020,2020-09-27T00:00:00Z,7,M,Broché,192,Gallimard
Se libérer de la domination des chiffres,,Valérie Charolles,Valérie Charolles.jpg,Q33105815,France,Française,9782213717241,7,23,2022,2022-07-23T00:00:00Z,8,5,2022,2022-08-05T00:00:00Z,13,F,Ebook,298,Fayard
"Le sexisme, une affaire d’hommes",,Valérie Rey-Robert,Valerie-Rey-Robert.jpg,Q62128038,France,Française,9782377291304,3,29,2021,2021-03-29T00:00:00Z,4,4,2021,2021-04-04T00:00:00Z,6,F,Broché,264,Libertalia
Récits de la Kolyma,Q2328292,Varlam Chalamov,Varlam Shalamov-NKVD crooped.jpg,Q220816,Empire russe,Russe,9782864327363,2,16,2023,2023-02-16T00:00:00Z,2,19,2023,2023-02-19T00:00:00Z,3,M,Broché,192,Verdier
Mourir à Sakiet,,Véronique Gazeau-Godet et Tramor Quemeneur,,,,N/A,9782130835714,4,4,2023,2023-04-04T00:00:00Z,6,9,2023,2023-06-09T00:00:00Z,66,C,Ebook,395,Presses universitaire de France
Au pied du mur,,Vincent Lemire,,Q45838990,France,Française,9782021461954,8,9,2022,2022-08-09T00:00:00Z,8,14,2022,2022-08-14T00:00:00Z,5,M,Ebook,416,Seuil
Autobiographie d'un poulpe,,Vinciane Despret,Vinciane Despret inverse.jpg,Q3559975,Belgique,Française,9782330147631,5,13,2021,2021-05-13T00:00:00Z,5,16,2021,2021-05-16T00:00:00Z,3,F,Ebook,156,Actes Sud
Mrs. Dalloway,Q752584,Virginia Woolf,Virginia Woolf 1927.jpg,Q40909,Royaume-Uni,Britannique,9782818052006,10,9,2021,2021-10-09T00:00:00Z,10,22,2021,2021-10-22T00:00:00Z,13,F,Ebook,334,L’Iconoclaste
Une pièce à soi,,Virginia Woolf,Virginia Woolf 1927.jpg,Q40909,Royaume-Uni,Britannique,9782743621858,9,5,2020,2020-09-05T00:00:00Z,9,13,2020,2020-09-13T00:00:00Z,8,F,Ebook,192,Rivages
Mordre au travers,Q3323863,Virginie Despentes,Virginie Despentes 2012.jpg,Q295015,France,Française,9782290230312,3,15,2022,2022-03-15T00:00:00Z,3,20,2022,2022-03-20T00:00:00Z,5,F,Ebook,128,Librio
Cher connard,,Virginie Despentes,Virginie Despentes 2012.jpg,Q295015,France,Française,9782246826514,8,27,2022,2022-08-27T00:00:00Z,9,10,2022,2022-09-10T00:00:00Z,14,F,Ebook,352,Grasset
Manaraga,Q30887677,Vladimir Sorokine,"Vladimir Sorokin, September 2015.jpg",Q319839,Union soviétique,Russe,9782355970382,8,28,2022,2022-08-28T00:00:00Z,9,3,2022,2022-09-03T00:00:00Z,6,M,Broché,250,L’inventaire
Telluria,,Vladimir Sorokine,"Vladimir Sorokin, September 2015.jpg",Q319839,Union soviétique,Russe,9782330074982,8,12,2021,2021-08-12T00:00:00Z,8,19,2021,2021-08-19T00:00:00Z,7,M,Ebook,354,Actes Sud
Franck Merriwell à la Maison blanche,,Ward Moore,,Q947986,États-Unis,Américaine,9782369350217,11,8,2020,2020-11-08T00:00:00Z,11,9,2020,2020-11-09T00:00:00Z,1,M,Broché,80,Passager clandestin
Le corps est une chimère,,Wendy Delorme,Wendy par daria.jpg,Q3567243,France,Française,9791030702163,8,9,2023,2023-08-09T00:00:00Z,8,11,2023,2023-08-11T00:00:00Z,2,F,Ebook,272,Au diable vauvert
Tempête,,William Shakespeare,Shakespeare.jpg,Q692,royaume d'Angleterre,Britannique,9782081331808,11,1,2020,2020-11-01T00:00:00Z,11,3,2020,2020-11-03T00:00:00Z,2,M,Broché,304,Flammarion
Mais leurs yeux dardaient sur Dieu,,Zora Neale Hurston,Hurston-Zora-Neale-LOC.jpg,Q220480,États-Unis,Américaine,9782843049323,12,22,2022,2022-12-22T00:00:00Z,12,30,2022,2022-12-30T00:00:00Z,8,F,Ebook,256,Zulma
Juifs et capitalisme. Aux origines d'une légende,,Francesca Trivellato,Francesca Trivellato - Festival Economia 2018.jpg,Q52450644,Italie,Italienne,9782021457889,1,1,2024,2024-01-01T00:00:00Z,1,6,2024,2024-06-01T00:00:00Z,5,F,Ebook,432,Seuil
Eden,,Auður Ava Ólafsdóttir,Audur Ava ÓLAFSDÓTTIR.jpg,Q454068,Islande,Islandaise,9791038702288,1,2,2024,2024-02-01T00:00:00Z,1,6,2024,2024-06-01T00:00:00Z,4,F,Ebook,256,Zulma
La vérité sur la lumière,,Auður Ava Ólafsdóttir,Audur Ava ÓLAFSDÓTTIR.jpg,Q454068,Islande,Islandaise,9791038700642,1,6,2024,2024-06-01T00:00:00Z,1,10,2024,2024-10-01T00:00:00Z,4,F,Ebook,224,Zulma
"Codes, races, climats habitudes",,Wendy Hui Kyong Chun,Wendy Hui Kyong Chun at Fear and Loathing of the Online Self (34439233570).jpg,Q23883713,,N/A,9782378963576,1,6,2024,2024-06-01T00:00:00Z,1,13,2024,2024-01-13T00:00:00Z,7,F,Broché,192,Les presses du réel
La femme qui a reconstitué le monde,,Eva Tind,,Q25476439,Royaume de Danemark,Danoise,9782072957468,1,10,2024,2024-10-01T00:00:00Z,1,18,2024,2024-01-18T00:00:00Z,8,F,Ebook,560,Gallimard
Ce que le football est devenu,,Jérôme Latta,,,,Française,9791097088637,1,17,2024,2024-01-17T00:00:00Z,1,21,2024,2024-01-21T00:00:00Z,4,M,Broché,200,Divergences
L’effet maternel,,Virginie Linhart,Virginie Linhart.jpg,Q3560750,France,Française,9782081505414,1,20,2024,2024-01-20T00:00:00Z,1,20,2024,2024-01-20T00:00:00Z,0,F,Ebook,224,Flammarion
Une sale affaire,,Virginie Linhart,Virginie Linhart.jpg,Q3560750,France,Française,9782080415851,1,21,2024,2024-01-21T00:00:00Z,1,23,2024,2024-01-23T00:00:00Z,2,F,Ebook,192,Flammarion
Habiter l’indépendance,,Coll.,,,,N/A,9782957749812,1,23,2024,2024-01-23T00:00:00Z,1,28,2024,2024-01-28T00:00:00Z,5,C,Broché,352,SHED
La lectrice disparue,,Sigríður Hagalín Björnsdóttir,Sigridur Hagalin Björnsdottir 2.jpg,Q85973180,Islande,Islandaise,9782847209938,1,25,2024,2024-01-25T00:00:00Z,2,3,2024,2024-03-02T00:00:00Z,9,F,Ebook,336,Gaïa
Le soin des choses,,Jérôme Denis et David Pontille,,,,Française,9782348064838,2,3,2024,2024-03-02T00:00:00Z,2,19,2024,2024-02-19T00:00:00Z,16,M,Broché,376,La Découverte
Althusser assassin,,Francis Dupuis-Déri,,Q3081406,Canada,Canadienne,9782890918443,2,6,2024,2024-06-02T00:00:00Z,2,7,2024,2024-07-02T00:00:00Z,1,M,Broché,100,Remue-ménage
Play Boy,Q122911522,Constance Debré,CDebré.jpg,Q47486826,France,Française,9782234084292,2,8,2024,2024-08-02T00:00:00Z,2,8,2024,2024-08-02T00:00:00Z,0,F,Broché,160,Stock
Que faire des classes moyennes,,Nathalie Quintane,Nathalie-Quintane.jpg,Q3336659,France,Française,9782818041000,2,7,2024,2024-07-02T00:00:00Z,2,11,2024,2024-11-02T00:00:00Z,4,F,Ebook,112,P.O.L
Io sono la bestia,Q107476654,Andrea Donaera,,Q107463271,Italie,Italienne,9782366245783,2,11,2024,2024-11-02T00:00:00Z,2,18,2024,2024-02-18T00:00:00Z,7,M,Ebook,200,Cambourakis
En vérité Alice,,Tiffany Tavernier,Tiffany Tavernier (2018).jpg,Q3528268,France,Française,9782848055060,2,18,2024,2024-02-18T00:00:00Z,2,24,2024,2024-02-24T00:00:00Z,6,F,Ebook,288,Sabine Wespieser
L’été où tout a fondu,,Tiffany McDaniel,,Q99233345,,Américaine,9782351782514,2,24,2024,2024-02-24T00:00:00Z,3,13,2024,2024-03-13T00:00:00Z,18,F,Broché,480,Gallmeister
La nuit de noces,,Aïcha Limbada,,Q122222938,France,Française,9782348073168,2,16,2024,2024-02-16T00:00:00Z,3,6,2024,2024-06-03T00:00:00Z,19,F,Broché,352,La Découverte
Les filles du coin,,Yaëlle Amsellem-Mainguy,,Q104840171,France,Française,9782724640908,3,3,2024,2024-03-03T00:00:00Z,3,30,2024,2024-03-30T00:00:00Z,27,F,Ebook,272,Presses de Sciences Po
Cézanne,,Marie-Hélène Lafon,Marie-Hélène Lafon par Claude Truong-Ngoc octobre 2014.jpg,Q3291890,France,Française,9782080421357,4,1,2024,2024-01-04T00:00:00Z,4,6,2024,2024-06-04T00:00:00Z,5,F,Ebook,176,Flammarion
La France des larmes,,Emmanuel Fureix,Emmanuel Fureix Forum France Culture Histoire 2015.JPG,Q79674778,France,Française,9782876734975,3,25,2024,2024-03-25T00:00:00Z,4,5,2024,2024-05-04T00:00:00Z,11,M,Ebook,512,Champ Vallon
Le jour où mon père s’est tu,,Virginie Linhart,Virginie Linhart.jpg,Q3560750,France,Française,9782020913676,4,7,2024,2024-07-04T00:00:00Z,4,11,2024,2024-11-04T00:00:00Z,4,F,Ebook,180,Seuil
Rien ne s’oppose à la nuit,,Delphine de Vigan,Delphine de Vigan - Le Livre sur la Place (20740240153).jpg,Q186779,France,Française,9782709635790,4,11,2024,2024-11-04T00:00:00Z,4,20,2024,2024-04-20T00:00:00Z,9,F,Ebook,440,JC Lattès
Servir les riches,,Alizée Delpierre,,Q114074686,,Française,9782348069024,4,6,2024,2024-06-04T00:00:00Z,4,7,2024,2024-07-04T00:00:00Z,1,F,Ebook,208,La Découverte
Le malentendu,,Asad Haider,,Q88025401,,Américaine,9782354802561,4,13,2024,2024-04-13T00:00:00Z,4,17,2024,2024-04-17T00:00:00Z,4,M,Broché,176,Amsterdam
Les filles du chasseur d’ours,,Anneli Jordahl,Anneli Jordahl.JPG,Q4957395,Suède,Suédoise,9791032928493,4,20,2024,2024-04-20T00:00:00Z,4,29,2024,2024-04-29T00:00:00Z,9,F,Ebook,445,L’Observatoire
Les hommes et le féminisme,,Francis Dupuis-Déri,,Q3081406,Canada,Canadienne,9782845979789,4,29,2024,2024-04-29T00:00:00Z,5,2,2024,2024-02-05T00:00:00Z,3,M,Broché,160,Textuel
"La Mère, le Sainte et la Putain",,Wendy Delorme,Wendy par daria.jpg,Q3567243,France,Française,9782846264211,5,1,2024,2024-01-05T00:00:00Z,5,4,2024,2024-04-05T00:00:00Z,3,F,Ebook,200,Au diable vauvert
Pour l’intersectionnalité,,"Sarah Mazouz, Eléonor Lépinard",,,,Française,9782381910277,5,3,2024,2024-03-05T00:00:00Z,5,4,2024,2024-04-05T00:00:00Z,1,F,Broché,72,Anamosa
Les Santigao Boys,,Evgeny Morozov,Wer kann die neue Zukunft machen? (17333061348).jpg,Q93054,Biélorussie,Américaine,9791097088699,5,4,2024,2024-04-05T00:00:00Z,5,7,2024,2024-07-05T00:00:00Z,3,M,Broché,250,Divergences
Le Sanctuaire,,Laurine Roux,,Q98733555,France,Française,9782373852158,5,7,2024,2024-07-05T00:00:00Z,5,8,2024,2024-08-05T00:00:00Z,1,F,Ebook,147,Du Sonneur
Voyages sans bagages,,Tove Jansson,Tove Jansson 1956b.jpg,Q102071,Finlande,Finlandaise,9782925141952,5,9,2024,2024-09-05T00:00:00Z,5,11,2024,2024-11-05T00:00:00Z,2,F,Ebook,280,La peuplade
La modernité désenchantée,,"Emmanuel Fureix, François Jarrige",,,,Française,9782348057540,5,11,2024,2024-11-05T00:00:00Z,5,20,2024,2024-05-20T00:00:00Z,9,M,Ebook,416,La Découverte
L’autre moitié du monde,,Laurine Roux,,Q98733555,France,Française,9782373852530,5,20,2024,2024-05-20T00:00:00Z,5,23,2024,2024-05-23T00:00:00Z,3,F,Ebook,255,La peuplade
Mélancolie ouvrière,,Michelle Perrot,Michelle Perrot juin 2016 (cropped).jpg,Q3311452,France,Française,9782246797791,5,24,2024,2024-05-24T00:00:00Z,5,26,2024,2024-05-26T00:00:00Z,2,F,Ebook,192,Grasset
Des archives considérées comme une substance hallucinogène,,Michel Melot,Nouvelles de l'estampe - Colloque des 50 ans - ouverture 2.JPG,Q3310336,France,Française,9782357231801,5,25,2024,2024-05-25T00:00:00Z,5,25,2024,2024-05-25T00:00:00Z,0,M,Broché,46,Ecole nationale des chartes
Encabanée,,Gabrielle Filteau-Chiba,Gabrielle Filteau-Chiba.jpg,Q105943211,Canada,Canadienne,9782361397029,5,26,2024,2024-05-26T00:00:00Z,5,28,2024,2024-05-28T00:00:00Z,2,F,Ebook,120,Les mots et le reste
"Vidal, tueur de femmes",,"Philippe Artières, Dominique Kalifa",,,,Française,9782864329220,5,26,2024,2024-05-26T00:00:00Z,6,4,2024,2024-04-06T00:00:00Z,9,M,Ebook,368,Verdier
Betty,,Tiffany McDaniel,,Q99233345,,Américaine,9782351782453,6,2,2024,2024-02-06T00:00:00Z,7,13,2024,2024-07-13T00:00:00Z,41,F,Ebook,720,Gallmeister
Les campagnes françaises à l’époque moderne,,Emmanuelle Charpentier,Emmanuelle Charpentier.jpg,Q17280087,France,Française,9782200624552,6,5,2024,2024-05-06T00:00:00Z,6,30,2024,2024-06-30T00:00:00Z,25,F,Ebook,368,Armand Colin
Schizophrénie numérique,,Anne Alombert,,Q117744659,France,Française,9791030429671,7,2,2024,2024-02-07T00:00:00Z,7,9,2024,2024-09-07T00:00:00Z,7,F,Broché,94,Allia
Le miasme et la jonquille,,Alain Corbin,Alain Corbin (2020).jpg,Q1361997,France,Française,9782081382411,7,11,2024,2024-11-07T00:00:00Z,8,4,2024,2024-04-08T00:00:00Z,24,M,Ebook,432,Flammarion
La Fabrique du droit,Q3208523,Bruno Latour,Bruno Latour in Taiwan P1250394 (cropped).jpg,Q355237,France,Française,9782707144720,7,16,2024,2024-07-16T00:00:00Z,8,15,2024,2024-08-15T00:00:00Z,30,M,Broché,324,La Découverte
Colline,,Jean Giono,Jean-Giono-1932.png,Q177411,France,Française,9782253002895,7,21,2024,2024-07-21T00:00:00Z,7,22,2024,2024-07-22T00:00:00Z,1,M,Ebook,160,Le livre de poche
Le grand troupeau,,Jean Giono,Jean-Giono-1932.png,Q177411,France,Française,9782070367603,7,22,2024,2024-07-22T00:00:00Z,7,28,2024,2024-07-28T00:00:00Z,6,M,Ebook,256,Le livre de poche
L’île,,Sigríður Hagalín Björnsdóttir,Sigridur Hagalin Björnsdottir 2.jpg,Q85973180,Islande,Islandaise,9782847208153,8,4,2024,2024-04-08T00:00:00Z,8,6,2024,2024-06-08T00:00:00Z,2,F,Ebook,272,Gaïa
Nouvelle histoire de la révolution,,Annie Jourdan,AnnieJourdan.jpg,Q45834571,France,Française,9782081250369,8,6,2024,2024-06-08T00:00:00Z,9,1,2024,2024-01-09T00:00:00Z,26,F,Ebook,656,Flammarion
La danse de l’argia,,Clara Gallini,,Q16657954,Italie,Italienne,9782841626908,8,21,2024,2024-08-21T00:00:00Z,8,26,2024,2024-08-26T00:00:00Z,5,F,Broché,344,Edition de l’éclats
"Io, Jean Gabin",Q28671033,Goliarda Sapienza,Goliarda Sapienza.jpg,Q1587727,Italie,Italienne,9782370551276,8,24,2024,2024-08-24T00:00:00Z,8,30,2024,2024-08-30T00:00:00Z,6,F,Broché,138,Le Tripode
The Women's Room,Q7775594,Marilyn French,,Q271931,États-Unis,Américaine,9782221269664,8,15,2024,2024-08-15T00:00:00Z,9,15,2024,2024-09-15T00:00:00Z,31,F,Ebook,704,Robert Laffont
La Vendée et la Révolution,,Jean-Clément Martin,Jean-Clément Martin (2018).jpg,Q1414029,France,Française,9782262025977,9,2,2024,2024-02-09T00:00:00Z,9,7,2024,2024-07-09T00:00:00Z,5,M,Ebook,288,Perrin
La mine en procès,,Philippe Artières,Philippe Artières (2023).jpg,Q3379243,France,Française,9782381910628,9,7,2024,2024-07-09T00:00:00Z,9,25,2024,2024-09-25T00:00:00Z,18,M,Broché,256,Anamosa
Jour de ressac,,Maylis de Kerangal,Maylis de Kerangal (43498209950).png,Q464150,France,Française,9782073054975,9,15,2024,2024-09-15T00:00:00Z,9,20,2024,2024-09-20T00:00:00Z,5,F,Broché,256,Verticales
Diner à Douarnenez,,Claude McKay,Mackey.jpg,Q1096967,colonie de Jamaïque,Américaine,9791097210137,9,21,2024,2024-09-21T00:00:00Z,9,22,2024,2024-09-22T00:00:00Z,1,M,Broché,100,Héliotropismes
Frapper l'épopée,Q130680634,Alice Zeniter,AliceZeniterManosque.jpg,Q2836679,France,Française,9782080440587,9,22,2024,2024-09-22T00:00:00Z,10,2,2024,2024-02-10T00:00:00Z,10,F,Ebook,352,Flammarion
Survivre,,Jérémie Foa,Jérémie Foa (2024).jpg,Q45832557,France,Française,9782021181272,9,26,2024,2024-09-26T00:00:00Z,10,13,2024,2024-10-13T00:00:00Z,17,M,Broché,352,Seuil
La langue des choses cachées,,Cécile Coulon,Cécile Coulon - Atlantide 2018.jpg,Q3009720,France,Française,9782378804046,10,1,2024,2024-01-10T00:00:00Z,10,6,2024,2024-06-10T00:00:00Z,5,F,Ebook,134,L’Iconoclaste
La désinvolture est une bien belle chose,,Philippe Jaenada,Philippe Jaenada-Salon du livre en Bretagne 2012 (1).jpg,Q3380060,France,Française,9782080427298,10,6,2024,2024-06-10T00:00:00Z,10,25,2024,2024-10-25T00:00:00Z,19,M,Ebook,496,Mialet-Barrault
Pour Britney,,Louise Chennevière,Louise Chennevière LslaP 1550078 (cropped).jpg,Q130245084,,Française,9782818061381,10,13,2024,2024-10-13T00:00:00Z,10,14,2024,2024-10-14T00:00:00Z,1,F,Ebook,144,P.O.L
The Left Hand of Darkness,Q2008211,Ursula K. Le Guin,Ursula Le Guin (3551195631) b (cropped).jpg,Q181659,États-Unis,Américaine,9782221255698,10,25,2024,2024-10-25T00:00:00Z,11,18,2024,2024-11-18T00:00:00Z,24,F,Ebook,312,Robert Laffont
Au coeur de l’archive coloniale,,Ann Laura Stoler,,Q16203101,États-Unis,Américaine,9782713227738,10,26,2024,2024-10-26T00:00:00Z,11,15,2024,2024-11-15T00:00:00Z,20,F,Broché,392,EHESS
La prophète rouge,,Julie Pagis,Photo Julie Pagis.png,Q18593670,France,Française,9782348078897,11,2,2024,2024-02-11T00:00:00Z,11,12,2024,2024-12-11T00:00:00Z,10,F,Broché,352,La Découverte
De l’écran à l’émotion quand le numérique devient patrimoine,,Emmanuelle Bermès,Rencontres Wikimedia France - Intervention d'Emmanuelle Bermès.JPG,Q42303200,France,Française,9782357231870,11,13,2024,2024-11-13T00:00:00Z,11,20,2024,2024-11-20T00:00:00Z,7,F,Broché,239,Ecole nationale des chartes
Nord sentinelle,,Jérôme Ferrari,Jérôme Ferrari 2010.jpg,Q43872,France,Française,9782330194413,11,19,2024,2024-11-19T00:00:00Z,11,,2024,/11/2024,,M,Ebook,,Actes Sud
Intermezzo,Q131036665,Sally Rooney,,Q54861296,Irlande,Irlandaise,9782073074621,11,21,2024,2024-11-21T00:00:00Z,12,1,2024,2024-01-12T00:00:00Z,10,F,Ebook,464,Gallimard
Conservation entre amis,,Sally Rooney,,Q54861296,Irlande,Irlandaise,9782823610710,12,1,2024,2024-01-12T00:00:00Z,12,7,2024,2024-07-12T00:00:00Z,6,F,Ebook,400,L’Olivier
Normal People,Q55360383,Sally Rooney,,Q54861296,Irlande,Irlandaise,9782823615241,12,7,2024,2024-07-12T00:00:00Z,12,9,2024,2024-09-12T00:00:00Z,2,F,Ebook,320,L’Olivier
"Où es-tu, monde admirable ",,Sally Rooney,,Q54861296,Irlande,Irlandaise,9782823618501,12,9,2024,2024-09-12T00:00:00Z,12,15,2024,2024-12-15T00:00:00Z,6,F,Ebook,384,L’Olivier
Ann d’Angleterre,,Julia Deck,,Q18630101,France,Française,9782021576535,12,15,2024,2024-12-15T00:00:00Z,12,17,2024,2024-12-17T00:00:00Z,2,F,Ebook,256,Seuil
Amis ou ennemis,,Régine Le Jan,,Q3455498,France,Française,9782021539578,12,17,2024,2024-12-17T00:00:00Z,12,,2024,/12/2024,,F,Ebook,528,Seuil
