Titre,Auteur,Nationalité,EAN,mois_début,jour_début,Année_début,date_début,mois_fin,jour_fin,année_fin,date_fin,ecart_date,Genre auteur,Format,Pages,Editeur
"Trap : Rap, drogue, argent, survie","Adeyemi Kemi,  Raphaël Da Cruz,  Kaluža  Jernej",N/A,9782492469039,6,18,2021,2021-06-18T00:00:00Z,6,22,2021,2021-06-22T00:00:00Z,4,C,Broché,175,"Audimat Éditions, Éditions Divergences"
L'Art de perdre,Alice Zeniter,Française,9782081418011,6,20,2022,2022-06-20T00:00:00Z,6,29,2022,2022-06-29T00:00:00Z,9,F,Ebook,512,Flammarion
Toute une moitié du monde,Alice Zeniter,Française,9782080259332,11,1,2022,2022-11-01T00:00:00Z,11,4,2022,2022-11-04T00:00:00Z,3,F,Ebook,240,Flammarion
Juste avant l’oubli,Alice Zeniter,Française,9782081334816,3,30,2023,2023-03-30T00:00:00Z,4,4,2023,2023-04-04T00:00:00Z,5,F,Ebook,288,Flammarion
La Saga Crispr,Aline Richard,Française,9782081375741,5,5,2022,2022-05-05T00:00:00Z,5,16,2022,2022-05-16T00:00:00Z,11,F,Ebook,400,Flammarion
L'Homme qui savait la langue des serpents,Andrus Kivirähk,Estonienne,9782370550637,8,15,2022,2022-08-15T00:00:00Z,8,26,2022,2022-08-26T00:00:00Z,11,M,Ebook,480,Le Tripode
Wikidata,Anne Chardonnens,Suisse,,1,14,2021,2021-01-14T00:00:00Z,1,18,2021,2021-01-18T00:00:00Z,4,F,Broché,420,
Gorilla Girl,Anne Schmauch,Française,9782377314690,7,26,2021,2021-07-26T00:00:00Z,7,29,2021,2021-07-29T00:00:00Z,3,F,Ebook,369,Sarbacane
Tombeaux,Annette Wieviorka,Française,9782021478181,2,3,2023,2023-02-03T00:00:00Z,3,4,2023,2023-03-04T00:00:00Z,29,F,Ebook,384,Seuil
Les Armoires vides,Annie Ernaux,Française,9782070376001,5,31,2021,2021-05-31T00:00:00Z,6,4,2021,2021-06-04T00:00:00Z,4,F,Ebook,192,Gallimard
Les Années,Annie Ernaux,Française,9782070779222,8,1,2023,2023-08-01T00:00:00Z,8,4,2023,2023-08-04T00:00:00Z,3,F,Ebook,256,Gallimard
Dondog,Antoine Volodine,Française,9782020617109,1,10,2020,2020-01-10T00:00:00Z,1,15,2020,2020-01-15T00:00:00Z,5,M,Broché,368,Seuil
Vies oubliées,Arlette Farge,Française,9782348045738,6,9,2023,2023-06-09T00:00:00Z,6,17,2023,2023-06-17T00:00:00Z,8,F,Ebook,304,La Découverte
La vérité sur la lumière,Auður Ava Ólafsdóttir,Islandaise,9791038700642,5,28,2022,2022-05-28T00:00:00Z,5,31,2022,2022-05-31T00:00:00Z,3,F,Ebook,224,Zulma
Le Rouge vif de la rhubarbe,Auður Ava Ólafsdóttir,Islandaise,9782843048173,4,11,2021,2021-04-11T00:00:00Z,4,11,2021,2021-04-11T00:00:00Z,0,F,Ebook,160,Zulma
Rosa candida,Auður Ava Ólafsdóttir,Islandaise,9782843045219,4,11,2021,2021-04-11T00:00:00Z,4,17,2021,2021-04-17T00:00:00Z,6,F,Ebook,333,Zulma
L'Embellie,Auður Ava Ólafsdóttir,Islandaise,9782843045899,4,17,2021,2021-04-17T00:00:00Z,4,21,2021,2021-04-21T00:00:00Z,4,F,Ebook,395,Zulma
L'Exception,Auður Ava Ólafsdóttir,Islandaise,9782843046957,4,21,2021,2021-04-21T00:00:00Z,4,25,2021,2021-04-25T00:00:00Z,4,F,Ebook,338,Zulma
Ör,Auður Ava Ólafsdóttir,Islandaise,9782843048067,4,26,2021,2021-04-26T00:00:00Z,5,1,2021,2021-05-01T00:00:00Z,5,F,Ebook,240,Zulma
Miss Islande,Auður Ava Ólafsdóttir,Islandaise,9782843048692,5,2,2021,2021-05-02T00:00:00Z,5,8,2021,2021-05-08T00:00:00Z,6,F,Ebook,288,Zulma
Sex-shop,Baptiste Coulmont,Française,9782916275161,1,15,2020,2020-01-15T00:00:00Z,1,25,2020,2020-01-25T00:00:00Z,10,M,Broché,264,Dilecta
Camarade Lune,Barbara Balzerani,Italienne,9782366244281,9,3,2023,2023-09-03T00:00:00Z,9,10,2023,2023-09-10T00:00:00Z,7,F,Ebook,176,Cambourakis
"Alger, rue des Bananiers",Béatrice Commengé,Française,9782378560836,11,7,2023,2023-11-07T00:00:00Z,11,12,2023,2023-11-12T00:00:00Z,5,F,Broché,128,Verdier
Tout le monde peut être féministe,bell hooks,Américaine,9791097088286,8,27,2022,2022-08-27T00:00:00Z,8,27,2022,2022-08-27T00:00:00Z,0,F,Broché,168,Divergences
La volonté de changer,bell hooks,Américaine,9791097088415,8,28,2022,2022-08-28T00:00:00Z,9,9,2022,2022-09-09T00:00:00Z,12,F,Broché,240,Divergences
Le démon de l'écriture,Ben Kafka,Américaine,9782930601083,1,2,2021,2021-01-02T00:00:00Z,1,4,2021,2021-01-04T00:00:00Z,2,M,Broché,182,Zones Sensibles Editions
Vövöl,Bérengère Cournut,Française,9782370553539,10,28,2023,2023-10-28T00:00:00Z,10,28,2023,2023-10-28T00:00:00Z,0,F,Broché,96,Le Tripode
Vivre vite,Brigitte Giraud,Française,9782080207340,9,22,2022,2022-09-22T00:00:00Z,9,23,2022,2022-09-23T00:00:00Z,1,F,Ebook,208,Flammarion
Controverses mode d'emploi,Bruno Latour,Française,9782724627152,2,11,2021,2021-02-11T00:00:00Z,2,14,2021,2021-02-14T00:00:00Z,3,C,Broché,317,Presses de Sciences Po
Où atterrir ?,Bruno Latour,Française,9782707197009,5,10,2021,2021-05-10T00:00:00Z,5,13,2021,2021-05-13T00:00:00Z,3,M,Ebook,127,La Découverte
Où suis-je ? - Leçons du confinement à l'usage des terrestres,Bruno Latour,Française,9782359252002,7,23,2021,2021-07-23T00:00:00Z,7,26,2021,2021-07-26T00:00:00Z,3,M,Ebook,192,Empêcheurs de penser rond
Open Design: Fabrication numérique et mouvement maker (Esthétique des données),Camille Bosqué,Française,9782490077588,9,2,2021,2021-09-02T00:00:00Z,9,12,2021,2021-09-12T00:00:00Z,10,F,Broché,216,B42
"Thésée, sa vie nouvelle",Camille de Toledo,Française,9782378560775,2,28,2021,2021-02-28T00:00:00Z,3,4,2021,2021-03-04T00:00:00Z,4,M,Broché,251,Verdier
Pleine et douce,Camille Froidevaux-Metterie,Française,9782848054674,6,24,2023,2023-06-24T00:00:00Z,6,25,2023,2023-06-25T00:00:00Z,1,F,Ebook,224,Sabine Wespieser
Un corps à soi,Camille Froidevaux-Metterie,Française,9782021448665,7,6,2023,2023-07-06T00:00:00Z,7,23,2023,2023-07-23T00:00:00Z,17,F,Ebook,352,Seuil
À l’ombre de l’histoire des autres,Camille Lefebvre,Française,9782713228902,3,28,2023,2023-03-28T00:00:00Z,4,6,2023,2023-04-06T00:00:00Z,9,F,Broché,200,EHESS
Des pays au crépuscule,Camille Lefebvre,Française,9782213718101,5,5,2023,2023-05-05T00:00:00Z,5,12,2023,2023-05-12T00:00:00Z,7,F,Broché,352,Fayard
Les damnées de la mer - Femmes et frontières en Méditerranée,Camille Schmoll,Française,9782348041075,11,14,2022,2022-11-14T00:00:00Z,11,20,2022,2022-11-20T00:00:00Z,6,F,Ebook,248,La Découverte
Algorithmes : la bombe à retardement,Cathy O'Neil,Américaine,9782352049807,11,24,2020,2020-11-24T00:00:00Z,11,30,2020,2020-11-30T00:00:00Z,6,F,Ebook,340,Les Arènes
Le roi n’a pas sommeil,Cécile Coulon,Française,9782878585094,2,7,2022,2022-02-07T00:00:00Z,2,14,2022,2022-02-14T00:00:00Z,7,F,Ebook,152,Viviane Hamy
Le pied à terre,Cécile Coulon,Française,9782080253446,11,27,2022,2022-11-27T00:00:00Z,11,27,2022,2022-11-27T00:00:00Z,0,F,Broché,192,Arthaud
Noir volcan,Cécile Coulon,Française,9791027802449,9,4,2021,2021-09-04T00:00:00Z,9,5,2021,2021-09-05T00:00:00Z,1,F,Broché,148,Castor Astral
Petit éloge du running,Cécile Coulon,Française,9791025203798,9,5,2021,2021-09-05T00:00:00Z,9,6,2021,2021-09-06T00:00:00Z,1,F,Ebook,128,Les Nouvelles Editions François Bourin
Une bête au paradis,Cécile Coulon,Française,9782378800789,1,26,2020,2020-01-26T00:00:00Z,1,29,2020,2020-01-29T00:00:00Z,3,F,Ebook,354,L’Iconoclaste
Les grande villes n’existent pas,Cécile Coulon,Française,9782370210999,2,29,2020,2020-02-29T00:00:00Z,2,29,2020,2020-02-29T00:00:00Z,0,F,Broché,112,Raconter la vie
Le rire du grand blessé,Cécile Coulon,Française,9782878585841,1,8,2023,2023-01-08T00:00:00Z,1,11,2023,2023-01-11T00:00:00Z,3,F,Ebook,136,Viviane Hamy
Faillir être flingué,Céline Minard,Française,9782743625832,8,11,2023,2023-08-11T00:00:00Z,8,16,2023,2023-08-16T00:00:00Z,5,F,Ebook,336,Rivages
Le grand jeu,Céline Minard,Française,9782743637507,9,12,2023,2023-09-12T00:00:00Z,9,17,2023,2023-09-17T00:00:00Z,5,F,Ebook,192,Rivages
Les héroïnes de séries américaines,Céline Morin,Française,9782869064911,4,11,2020,2020-04-11T00:00:00Z,4,13,2020,2020-04-13T00:00:00Z,2,F,Ebook,288,François Rabelais
En transit,Céline Regnard,Française,9782381910161,3,3,2023,2023-03-03T00:00:00Z,3,12,2023,2023-03-12T00:00:00Z,9,F,Broché,456,Anamosa
Americanah,Chimamanda Ngozi Adichie,Nigériane,9782070142354,5,16,2021,2021-05-16T00:00:00Z,5,23,2021,2021-05-23T00:00:00Z,7,F,Ebook,528,Gallimard
Dans ma maison sous terre,Chloé Delaume,Française,9782020983020,1,23,2023,2023-01-23T00:00:00Z,1,25,2023,2023-01-25T00:00:00Z,2,F,Broché,216,Seuil
Le Cœur synthétique,Chloé Delaume,Française,9782021425451,9,21,2023,2023-09-21T00:00:00Z,9,26,2023,2023-09-26T00:00:00Z,5,F,Broché,208,Seuil
Ce genre de petites choses,Claire Keegan,Irlandaise,9782848053721,7,27,2023,2023-07-27T00:00:00Z,7,29,2023,2023-07-29T00:00:00Z,2,F,Ebook,120,Sabine Wespieser
La passion selon G.H,Clarice Lispector,Brésilienne,9782721008510,1,25,2023,2023-01-25T00:00:00Z,1,31,2023,2023-01-31T00:00:00Z,6,F,Broché,225,Des Femmes - Antoinette Fouque
Romance in Marseille,Claude McKay,Américaine,9791097210069,8,5,2022,2022-08-05T00:00:00Z,8,6,2022,2022-08-06T00:00:00Z,1,M,Ebook,148,Héliotropismes
Boys don’t cry,Coll.,N/A,9782753518278,4,22,2020,2020-04-22T00:00:00Z,5,15,2020,2020-05-15T00:00:00Z,23,C,Ebook,332,Presses Universitaire de Rennes
Histoire de la Normandie,Coll.,N/A,2000166985317,7,22,2020,2020-07-22T00:00:00Z,10,3,2020,2020-10-03T00:00:00Z,73,C,Broché,540,Privat
Big Data et traçabilité numérique,Coll.,N/A,9782722604667,12,8,2020,2020-12-08T00:00:00Z,12,31,2020,2020-12-31T00:00:00Z,23,C,Ebook,218,Collège de France
Love Me Tender,Constance Debré,Française,9782081471733,11,15,2023,2023-11-15T00:00:00Z,11,23,2023,2023-11-23T00:00:00Z,8,F,Broché,192,Flammarion
Seule en sa demeure,Cécile Coulon,Française,9782378802400,5,5,2021,2021-05-05T00:00:00Z,5,15,2021,2021-05-15T00:00:00Z,10,F,Ebook,333,L’Iconoclaste
Le bal au Kremlin,Curzio Malaparte,Italienne,9782070767120,1,22,2022,2022-01-22T00:00:00Z,1,23,2022,2022-01-23T00:00:00Z,1,M,Broché,196,Gallimard
Le compagnon de voyage,Curzio Malaparte,Italienne,9782710330905,3,1,2020,2020-03-01T00:00:00Z,3,1,2020,2020-03-01T00:00:00Z,0,M,Ebook,112,Quai Voltaire
Ce qui ne peut être volé,Cynthia Fleury et Antoine Fenoglio,Française,9782072997327,10,24,2022,2022-10-24T00:00:00Z,10,25,2022,2022-10-25T00:00:00Z,1,C,Ebook,48,Gallimard
L’état qu’il nous faut,"Daniel Agacinski, Romain Beaucher, Céline Danion",Française,9782701321639,10,24,2022,2022-10-24T00:00:00Z,10,30,2022,2022-10-30T00:00:00Z,6,C,Broché,163,Berger-Levrault
Ce que je ne veux pas savoir,Deborah Levy,Sud-africaine,9782364684508,6,25,2021,2021-06-25T00:00:00Z,6,26,2021,2021-06-26T00:00:00Z,1,F,Ebook,144,Du Sous-sol
Le Coût de la vie,Deborah Levy,Sud-africaine,9782364684546,9,19,2021,2021-09-19T00:00:00Z,9,20,2021,2021-09-20T00:00:00Z,1,F,Ebook,160,Du Sous-sol
Etat des lieux,Deborah Levy,Sud-africaine,9782364685796,5,27,2023,2023-05-27T00:00:00Z,5,31,2023,2023-05-31T00:00:00Z,4,F,Ebook,240,Du Sous-sol
Missak (roman),Didier Daeninckx,Française,9782262028022,4,7,2023,2023-04-07T00:00:00Z,4,10,2023,2023-04-10T00:00:00Z,3,M,Broché,300,Perrin
La Fameuse Invasion de la Sicile par les ours,Dino Buzzati,Italienne,9782075118781,11,6,2020,2020-11-06T00:00:00Z,11,8,2020,2020-11-08T00:00:00Z,2,M,Broché,176,Gallimard
"Black feminism : anthologie du féminisme africain-américain, 1975-2000",dir. Elsa Dorlin,N/A,9782296051041,5,18,2023,2023-05-18T00:00:00Z,5,31,2023,2023-05-31T00:00:00Z,13,F,Broché,266,L’Harmattan
Le Bois de la nuit,Djuna Barnes,Américaine,9782757893975,1,15,2023,2023-01-15T00:00:00Z,1,17,2023,2023-01-17T00:00:00Z,2,F,Broché,208,Points
Marseille 73,Dominique Manotti,Française,9791037501196,1,7,2023,2023-01-07T00:00:00Z,1,8,2023,2023-01-08T00:00:00Z,1,F,Ebook,385,Les Arènes
Le Silence,Don DeLillo,Américaine,9782330149307,4,10,2021,2021-04-10T00:00:00Z,4,11,2021,2021-04-11T00:00:00Z,1,M,Ebook,112,Actes Sud
Americana,Don DeLillo,Américaine,9782742726530,3,1,2020,2020-03-01T00:00:00Z,3,17,2020,2020-03-17T00:00:00Z,16,M,Broché,464,Actes Sud
La rumeur d’Orléans,Edgar Morin,Française,9782021199406,3,5,2022,2022-03-05T00:00:00Z,3,12,2022,2022-03-12T00:00:00Z,7,M,Ebook,256,Le Seuil
Show Boat,Edna Ferber,Américaine,9782366247596,7,7,2023,2023-07-07T00:00:00Z,7,14,2023,2023-07-14T00:00:00Z,7,F,Broché,470,Cambourakis
Mémoires vives,Edward Snowden,Américaine,9782021441048,3,17,2020,2020-03-17T00:00:00Z,3,26,2020,2020-03-26T00:00:00Z,9,M,Ebook,384,Seuil
D'Afrique en Palestine,Edward Wilmot Blyden,Libérienne,9782271126511,8,31,2021,2021-08-31T00:00:00Z,9,1,2021,2021-09-01T00:00:00Z,1,M,Ebook,206,CNRS édition
Celle qui fuit et celle qui reste,Elena Ferrante,Italienne,9782070178407,10,25,2021,2021-10-25T00:00:00Z,11,3,2021,2021-11-03T00:00:00Z,9,F,Broché,480,Gallimard
Se défendre,Elsa Dorlin,Française,9782355221101,6,7,2022,2022-06-07T00:00:00Z,6,20,2022,2022-06-20T00:00:00Z,13,F,Ebook,200,Zones
Crimes sexuels et société à la fin de l’Ancien Régime,Enora Peronneau Saint-Jalmes,Française,9782262095956,7,7,2022,2022-07-07T00:00:00Z,7,18,2022,2022-07-18T00:00:00Z,11,F,Ebook,500,Perrin
Comédies Françaises,Éric Reinhardt,Française,9782072796982,9,26,2020,2020-09-26T00:00:00Z,10,18,2020,2020-10-18T00:00:00Z,22,M,Broché,480,Gallimard
Une sortie honorable,Éric Vuillard,Française,9782330159665,7,5,2022,2022-07-05T00:00:00Z,7,5,2022,2022-07-05T00:00:00Z,0,M,Ebook,208,Actes Sud
Conquistadors,Éric Vuillard,Française,9782330053222,8,7,2022,2022-08-07T00:00:00Z,8,14,2022,2022-08-14T00:00:00Z,7,M,Broché,400,Actes Sud
Parcourir la terre disparue,Erin Swan,Américaine,9782351782798,8,4,2023,2023-08-04T00:00:00Z,8,8,2023,2023-08-08T00:00:00Z,4,F,Ebook,496,Gallmeister
Le goût du vrai,Étienne Klein,Française,9782072916717,2,19,2022,2022-02-19T00:00:00Z,2,19,2022,2022-02-19T00:00:00Z,0,M,Broché,64,Gallimard
Les imaginaires numériques au musée ?,Eva Sandri,Française,9791092305647,1,6,2021,2021-01-06T00:00:00Z,1,8,2021,2021-01-08T00:00:00Z,2,F,Broché,124,MkF Éditions
Le mirage numérique,Evgeny Morozov,Biélorusse,9782350961132,10,18,2020,2020-10-18T00:00:00Z,10,20,2020,2020-10-20T00:00:00Z,2,M,Broché,144,Les Prairies Ordinaires
Jean des bandes noires,Florence Alazard,Française,9782379338656,8,16,2023,2023-08-16T00:00:00Z,8,19,2023,2023-08-19T00:00:00Z,3,F,Ebook,248,Passés composés
Le quai de Ouistream,Florence Aubenas,Française,9782879296777,12,13,2020,2020-12-13T00:00:00Z,12,16,2020,2020-12-16T00:00:00Z,3,F,Ebook,276,L’Olivier
Les masques et la mosquée,François-Xavier Fauvelle,Française,9782271143709,9,26,2022,2022-09-26T00:00:00Z,10,9,2022,2022-10-09T00:00:00Z,13,M,Ebook,400,CNRS édition
Féminisme décolonial,Françoise Vergès,Française,9782358721745,4,14,2020,2020-04-14T00:00:00Z,4,15,2020,2020-04-15T00:00:00Z,1,F,Ebook,208,La Fabrique
Décolonisons les arts!,"Françoise Vergès, Leïla Cukierman,  Gerty Dambury",Française,9782851819451,3,27,2021,2021-03-27T00:00:00Z,3,29,2021,2021-03-29T00:00:00Z,2,F,Broché,144,L'Arche
Une femme à contre-jour,Gaëlle Josse,Française,9782882505682,8,16,2020,2020-08-16T00:00:00Z,8,18,2020,2020-08-18T00:00:00Z,2,F,Ebook,160,Noir sur blanc
Situer le numérique,Gauthier Roussilhe,Française,,12,10,2020,2020-12-10T00:00:00Z,12,13,2020,2020-12-13T00:00:00Z,3,M,Ebook,,
L’invention de la mémoire,Georges Chapoutier,Française,9782271089335,10,23,2020,2020-10-23T00:00:00Z,11,1,2020,2020-11-01T00:00:00Z,9,M,Ebook,300,CNRS édition
La Ferme des animaux,George Orwell,Britannique,9782377291168,1,31,2022,2022-01-31T00:00:00Z,2,5,2022,2022-02-05T00:00:00Z,5,M,Broché,168,Libertalia
La privatisation numérique,Gilles Jeannot et Simon Cottin-Marx,Française,9791097084240,5,17,2022,2022-05-17T00:00:00Z,5,22,2022,2022-05-22T00:00:00Z,5,M,Broché,160,Raisons d’agir
La certitude du doute,Goliarda Sapienza,Italienne,9782370550453,6,30,2022,2022-06-30T00:00:00Z,7,4,2022,2022-07-04T00:00:00Z,4,F,Broché,240,Le Tripode
L'Art de la joie,Goliarda Sapienza,Italienne,9782370550446,1,2,2021,2021-01-02T00:00:00Z,2,2,2021,2021-02-02T00:00:00Z,31,F,Ebook,640,Le Tripode
Les certitudes du doute,Goliarda Sapienza,Italienne,9782370550453,1,30,2020,2020-01-30T00:00:00Z,2,8,2020,2020-02-08T00:00:00Z,9,F,Broché,240,Le Tripode
Le fil de midi,Goliarda Sapienza,Italienne,9782370553355,2,7,2023,2023-02-07T00:00:00Z,2,11,2023,2023-02-11T00:00:00Z,4,F,Broché,253,Le Tripode
Lettre ouverte,Goliarda Sapienza,Italienne,9782370552402,2,11,2023,2023-02-11T00:00:00Z,2,16,2023,2023-02-16T00:00:00Z,5,F,Broché,238,Le Tripode
Dirty Week-end,Helen Zahavi,Britannique,9782369147091,7,23,2023,2023-07-23T00:00:00Z,7,27,2023,2023-07-27T00:00:00Z,4,F,Ebook,224,Libretto
L’impossible patrimoine numérique ?,Hélène Bourdeloie et Christine Chevret-Castellani,Française,9782356875167,1,5,2022,2022-01-05T00:00:00Z,1,11,2022,2022-01-11T00:00:00Z,6,F,Broché,143,Le Bord de l’eau
Ruines biens rangées,Hélène Cixous,Française,9782072860188,2,2,2022,2022-02-02T00:00:00Z,2,6,2022,2022-02-06T00:00:00Z,4,F,Ebook,160,Gallimard
Sans ciel ni terre,Hélène Dumas,Française,9782348057892,8,31,2023,2023-08-31T00:00:00Z,9,6,2023,2023-09-06T00:00:00Z,6,F,Broché,307,La Découverte
Des blancs comme les autres ?,Illana Weizman,Française | Israélienne,9782234092365,3,8,2023,2023-03-08T00:00:00Z,3,12,2023,2023-03-12T00:00:00Z,4,F,Ebook,232,Stock
Le Votant,Isaac Asimov,Américaine,9782369352297,11,9,2020,2020-11-09T00:00:00Z,11,11,2020,2020-11-11T00:00:00Z,2,M,Broché,56,Passager clandestin
Carnet de mémoires coloniales,Isabela Figueiredo,Portugaise,9782367322223,3,2,2022,2022-03-02T00:00:00Z,3,5,2022,2022-03-05T00:00:00Z,3,F,Ebook,238,Chandeigne
Photo de famille,Isabelle Clair et Elsa Dorlin,Française,9782713229176,8,15,2022,2022-08-15T00:00:00Z,8,24,2022,2022-08-24T00:00:00Z,9,F,Broché,464,EHESS
Le complexe de la sorcière,Isabelle Sorente,Française,9782709666268,4,16,2020,2020-04-16T00:00:00Z,4,20,2020,2020-04-20T00:00:00Z,4,F,Ebook,300,Lattes
Harry Potter à l'école des sorciers,J. K. Rowling,Britannique,9782070584628,12,1,2020,2020-12-01T00:00:00Z,12,8,2020,2020-12-08T00:00:00Z,7,F,Broché,320,Gallimard
Harry Potter et la Chambre des secrets,J. K. Rowling,Britannique,9782070584642,1,14,2021,2021-01-14T00:00:00Z,2,1,2021,2021-02-01T00:00:00Z,18,F,Broché,368,European Schoolbooks Ltd
Les statues de la discorde,Jacqueline Lalouette,Française,9782379336409,10,2,2023,2023-10-02T00:00:00Z,10,6,2023,2023-10-06T00:00:00Z,4,F,Ebook,240,Passés composés
Mal d'archive. Une impression freudienne,Jacques Derrida,Française,9782718604541,1,29,2021,2021-01-29T00:00:00Z,2,1,2021,2021-02-01T00:00:00Z,3,M,Broché,150,Galilée
Meurtres à Atlanta,James Baldwin,Américaine,9782234088238,8,5,2020,2020-08-05T00:00:00Z,8,8,2020,2020-08-08T00:00:00Z,3,M,Ebook,180,Stock
American Tabloid,James Ellroy,Américaine,9782743656485,5,15,2020,2020-05-15T00:00:00Z,6,6,2020,2020-06-06T00:00:00Z,22,M,Broché,784,Rivages
Americain Death trip,James Ellroy,Américaine,9782743611705,6,6,2020,2020-06-06T00:00:00Z,7,15,2020,2020-07-15T00:00:00Z,39,M,Broché,960,Rivages
Underworld USA,James Ellroy,Américaine,9782743656492,7,16,2020,2020-07-16T00:00:00Z,8,4,2020,2020-08-04T00:00:00Z,19,M,Broché,928,Rivages
Orgueil et Préjugés,Jane Austen,Britannique,9782081229501,4,4,2020,2020-04-04T00:00:00Z,4,11,2020,2020-04-11T00:00:00Z,7,F,Ebook,368,Flammarion
La femme silencieuse,Janet Malcolm,Américaine,9782364685390,6,18,2023,2023-06-18T00:00:00Z,6,26,2023,2023-06-26T00:00:00Z,8,F,Ebook,240,Du Sous-sol
Terra Alta,Javier Cercas,Espagnole,9782330150143,7,23,2022,2022-07-23T00:00:00Z,7,26,2022,2022-07-26T00:00:00Z,3,M,Ebook,320,Actes Sud
Indépendance,Javier Cercas,Espagnole,9782330165437,7,26,2022,2022-07-26T00:00:00Z,8,2,2022,2022-08-02T00:00:00Z,7,M,Ebook,352,Actes Sud
Les Lois de la frontière,Javier Cercas,Espagnole,9782330027100,5,24,2021,2021-05-24T00:00:00Z,5,28,2021,2021-05-28T00:00:00Z,4,M,Broché,352,Actes Sud
Vie de Gérard Fulmard,Jean Echenoz,Française,9782707345875,8,19,2020,2020-08-19T00:00:00Z,8,21,2020,2020-08-21T00:00:00Z,2,M,Ebook,240,Minuit
Dans la forêt,Jean Hegland,Américaine,9782351786444,6,30,2023,2023-06-30T00:00:00Z,7,6,2023,2023-07-06T00:00:00Z,6,F,Ebook,320,Gallmeister
La Grande escapade,Jean-Philippe Blondel,Française,9782283031834,6,27,2021,2021-06-27T00:00:00Z,7,6,2021,2021-07-06T00:00:00Z,9,M,Ebook,72,Buchet-Chastel
Un si petit monde,Jean-Philippe Blondel,Française,9782283034088,9,15,2021,2021-09-15T00:00:00Z,9,19,2021,2021-09-19T00:00:00Z,4,M,Ebook,256,Buchet-Chastel
Tous ceux qui tombent,Jérémie Foa,Française,9782348057885,12,6,2021,2021-12-06T00:00:00Z,12,14,2021,2021-12-14T00:00:00Z,8,M,Ebook,352,La Découverte
Girandulata,Jérôme Colonna d’Istria,Française,9782361572945,2,26,2022,2022-02-26T00:00:00Z,2,27,2022,2022-02-27T00:00:00Z,1,M,Broché,200,Transboréal
L’Amérique,Joan Didion,Américaine,9782253156499,11,19,2022,2022-11-19T00:00:00Z,11,27,2022,2022-11-27T00:00:00Z,8,F,Broché,336,Grasset
Enquête sur les pratiques savantes ordinaires,Joëlle Le Marec et François Mairesse,Française,9782356875143,1,1,2022,2022-01-01T00:00:00Z,1,1,2022,2022-01-01T00:00:00Z,0,C,Broché,136,Le Bord de l’eau
1919,John Dos Passos,Américaine,9782072836282,7,30,2021,2021-07-30T00:00:00Z,8,12,2021,2021-08-12T00:00:00Z,13,M,Ebook,560,Gallimard
Le 42e Parallèle,John Dos Passos,Américaine,9782070376940,2,9,2021,2021-02-09T00:00:00Z,2,28,2021,2021-02-28T00:00:00Z,19,M,Broché,484,Gallimard
La guerre de Sécession,John Keegan,Américaine,9782262032494,1,12,2022,2022-01-12T00:00:00Z,1,31,2022,2022-01-31T00:00:00Z,19,M,Ebook,516,Perrin
Expo 58,Jonathan Coe,Britannique,9782070455102,4,22,2020,2020-04-22T00:00:00Z,4,26,2020,2020-04-26T00:00:00Z,4,M,Broché,368,Gallimard
Testament à l’anglaise,Jonathan Coe,Britannique,9782070403264,8,23,2020,2020-08-23T00:00:00Z,9,5,2020,2020-09-05T00:00:00Z,13,M,Broché,688,Gallimard
Crossroads,Jonathan Franzen,Américaine,9782823614565,11,24,2022,2022-11-24T00:00:00Z,12,19,2022,2022-12-19T00:00:00Z,25,M,Ebook,704,L’Olivier
Le déclin de la lune,Joseph Coulson,Américaine,9782848050379,1,3,2020,2020-01-03T00:00:00Z,1,10,2020,2020-01-10T00:00:00Z,7,M,Broché,496,Sabine Wespieser
La nuit. Le sommeil. La mort. Les étoiles.,Joyce Carol Oates,Américaine,9782848768953,1,1,2022,2022-01-01T00:00:00Z,1,19,2022,2022-01-19T00:00:00Z,18,F,Ebook,923,Philippe Rey
Folles nuits,Joyce Carol Oates,Américaine,9782848761824,6,5,2022,2022-06-05T00:00:00Z,6,16,2022,2022-06-16T00:00:00Z,11,F,Broché,238,Philippe Rey
Le Pouvoir des Mots: Discours de haine et politique du performatif,Judith Butler,Américaine,9782354801656,2,2,2021,2021-02-02T00:00:00Z,2,9,2021,2021-02-09T00:00:00Z,7,F,Broché,237,Amsterdam
"Ce qui fait une vie: Essai sur la violence, la guerre et le deuil",Judith Butler,Américaine,9782355220289,4,5,2021,2021-04-05T00:00:00Z,4,10,2021,2021-04-10T00:00:00Z,5,F,Ebook,180,La Découverte
Propriété privée,Julia Deck,Française,9782707347220,8,8,2023,2023-08-08T00:00:00Z,8,8,2023,2023-08-08T00:00:00Z,0,F,Ebook,176,Minuit
Liv Maria,Julia Kerninon,Française,9782378801540,11,29,2022,2022-11-29T00:00:00Z,11,30,2022,2022-11-30T00:00:00Z,1,F,Ebook,270,L’Iconoclaste
Toucher la terre ferme,Julia Kerninon,Française,9782378802752,10,26,2023,2023-10-26T00:00:00Z,10,27,2023,2023-10-27T00:00:00Z,1,F,Ebook,115,Iconoclaste
Général Gouraud,Julie d’Andurain,Française,9782262035884,12,1,2023,2023-12-01T00:00:00Z,12,15,2023,2023-12-15T00:00:00Z,14,F,Ebook,512,Perrin
Qu’on leur donne le chaos,Kae Tempest,Britannique,9782381980447,5,14,2023,2023-05-14T00:00:00Z,5,14,2023,2023-05-14T00:00:00Z,0,F,Broché,160,L'Arche
L’écho du lac,Kapka Kassabova,Bulgare,9791095582632,4,13,2022,2022-04-13T00:00:00Z,4,22,2022,2022-04-22T00:00:00Z,9,F,Ebook,480,Marchialy
Lisière,Kapka Kassabova,Bulgare,9791095582502,5,1,2022,2022-05-01T00:00:00Z,5,18,2022,2022-05-18T00:00:00Z,17,F,Broché,488,Marchialy
Étranger,Karine Parrot,Française,9782381910741,10,1,2023,2023-10-01T00:00:00Z,10,2,2023,2023-10-02T00:00:00Z,1,F,Broché,112,Anamosa
Histoires de la nuit,Laurent Mauvignier,Française,9782707347268,11,15,2020,2020-11-15T00:00:00Z,11,23,2020,2020-11-23T00:00:00Z,8,M,Ebook,608,Minuit
"Le français va très bien, merci",Les linguistes atterrées,N/A,9782073036698,8,27,2023,2023-08-27T00:00:00Z,8,27,2023,2023-08-27T00:00:00Z,0,C,Ebook,64,Gallimard
Ton coeur a la forme d’une île,Laure Limongi,Française,9782246826170,12,5,2021,2021-12-05T00:00:00Z,12,6,2021,2021-12-06T00:00:00Z,1,F,Ebook,252,Gallimard
Le web français de la Grande Guerre,"Lionel Maurel, Valérie Beaudoin",Française,9782840163145,6,23,2021,2021-06-23T00:00:00Z,7,19,2021,2021-07-19T00:00:00Z,26,C,Broché,348,Presses universitaire Paris-Nanterre
"Quatre heures, vingt deux minutes et dix-huit secondes",Lionel Shriver,Américaine,9782714494375,11,4,2022,2022-11-04T00:00:00Z,11,14,2022,2022-11-14T00:00:00Z,10,F,Ebook,384,Belfond
A prendre ou à laisser,Lionel Shriver,Américaine,9782714495846,4,26,2023,2023-04-26T00:00:00Z,5,5,2023,2023-05-05T00:00:00Z,9,F,Ebook,288,Belfond
Au pays qui te ressemble,Lisa Ginzburg,Italienne,9782864329893,11,15,2023,2023-11-15T00:00:00Z,11,26,2023,2023-11-26T00:00:00Z,11,F,Broché,224,Verdier
Le Problème à trois corps,Liu Cixin,Chinois,9782330070748,12,15,2021,2021-12-15T00:00:00Z,12,26,2021,2021-12-26T00:00:00Z,11,M,Ebook,432,Actes Sud
Chavirer,Lola Lafon,Française,9782330139346,9,10,2022,2022-09-10T00:00:00Z,9,12,2022,2022-09-12T00:00:00Z,2,F,Ebook,352,Actes Sud
Quand tu écouteras cette chanson,Lola Lafon,Française,9782234092471,10,9,2022,2022-10-09T00:00:00Z,10,10,2022,2022-10-10T00:00:00Z,1,F,Ebook,180,Stock
La Petite Communiste qui ne souriait jamais,Lola Lafon,Française,9782330051204,12,4,2022,2022-12-04T00:00:00Z,12,5,2022,2022-12-05T00:00:00Z,1,F,Broché,302,Actes Sud
"Mercy, Mary, Patty",Lola Lafon,Française,9782330081782,1,3,2023,2023-01-03T00:00:00Z,1,6,2023,2023-01-06T00:00:00Z,3,F,Ebook,240,Actes Sud
Une fièvre impossible à négocier,Lola Lafon,Française,9782330066802,2,23,2023,2023-02-23T00:00:00Z,3,2,2023,2023-03-02T00:00:00Z,7,F,Broché,336,Actes Sud
De ça je me console,Lola Lafon,Française,9782330081508,3,19,2023,2023-03-19T00:00:00Z,3,27,2023,2023-03-27T00:00:00Z,8,F,Broché,384,Actes Sud
Nous sommes les oiseaux de la tempête qui s'annonce,Lola Lafon,Française,9782330032760,4,22,2023,2023-04-22T00:00:00Z,5,3,2023,2023-05-03T00:00:00Z,11,F,Broché,432,Actes Sud
"Le loup, l ‘épée et les étoiles",Lola Lafon,Française,9782815943598,6,17,2023,2023-06-17T00:00:00Z,6,17,2023,2023-06-17T00:00:00Z,0,F,Ebook,128,L’Aube
La Guerre des boutons,Louis Pergaud,Française,9782013230049,4,23,2022,2022-04-23T00:00:00Z,5,12,2022,2022-05-12T00:00:00Z,19,M,Broché,224,Gallimard
Papa courait les paris,Louise Meriwether,Américaine,9782384820009,7,14,2023,2023-07-14T00:00:00Z,7,18,2023,2023-07-18T00:00:00Z,4,F,Broché,231,Philippe Rey
Les femmes aussi sont du voyage,Lucie Azema,Française,9782080208613,5,8,2021,2021-05-08T00:00:00Z,5,10,2021,2021-05-10T00:00:00Z,2,F,Ebook,330,Flammarion
Algérie 1962,Malika Rahal,Française,9782348073038,3,24,2022,2022-03-24T00:00:00Z,4,8,2022,2022-04-08T00:00:00Z,15,F,Ebook,496,La Découverte
L'Œuvre au noir,Marguerite Yourcenar,Française,9782070367986,6,5,2021,2021-06-05T00:00:00Z,6,24,2021,2021-06-24T00:00:00Z,19,F,Ebook,480,Gallimard
Mémoires d'Hadrien,Marguerite Yourcenar,Française,9782070369218,7,7,2021,2021-07-07T00:00:00Z,7,25,2021,2021-07-25T00:00:00Z,18,F,Ebook,364,Gallimard
Rhapsodie balkanique,Maria Kassimova-Moisset,Bulgare,9782940701629,10,28,2023,2023-10-28T00:00:00Z,11,6,2023,2023-11-06T00:00:00Z,9,F,Broché,274,Syrtes
Pratiques d'archives à l'époque moderne,"Maria Pia Donato, Anne Saada",N/A,9782406085539,4,17,2021,2021-04-17T00:00:00Z,4,30,2021,2021-04-30T00:00:00Z,13,F,Broché,488,Classiques Garnier
La Horde,Marie Favereau,Française,9782262099558,10,14,2023,2023-10-14T00:00:00Z,11,3,2023,2023-11-03T00:00:00Z,20,F,Broché,432,Perrin
Créer des services innovants : stratégies et répertoire d'actions pour les bibliothèques,Marie-Christine Jacquinet,Française,9782910227906,9,21,2021,2021-09-21T00:00:00Z,9,23,2021,2021-09-23T00:00:00Z,2,F,Broché,172,ENSSIB
Histoire du fils,Marie-Hélène Lafon,Française,9782283032800,3,5,2021,2021-03-05T00:00:00Z,3,7,2021,2021-03-07T00:00:00Z,2,F,Ebook,176,Buchet-Chastel
L’annonce,Marie-Hélène Lafon,Française,9782070437702,3,13,2023,2023-03-13T00:00:00Z,3,22,2023,2023-03-22T00:00:00Z,9,F,Ebook,160,Buchet-Chastel
Le pays d’en haut,Marie-Hélène Lafon,Française,9782081443839,4,11,2023,2023-04-11T00:00:00Z,4,13,2023,2023-04-13T00:00:00Z,2,F,Broché,160,Arthaud
Les pays,Marie-Hélène Lafon,Française,9782283037157,4,24,2023,2023-04-24T00:00:00Z,4,26,2023,2023-04-26T00:00:00Z,2,F,Ebook,192,Buchet-Chastel
Les sources,Marie-Hélène Lafon,Française,9782283036600,5,12,2023,2023-05-12T00:00:00Z,5,14,2023,2023-05-14T00:00:00Z,2,F,Ebook,128,Buchet-Chastel
Mo,Marie-Hélène Lafon,Française,9782283037126,11,26,2023,2023-11-26T00:00:00Z,11,28,2023,2023-11-28T00:00:00Z,2,F,Broché,144,Buchet-Chastel
Les pères lointains,Marina Jarre,Lettone,9782267051414,7,29,2023,2023-07-29T00:00:00Z,8,1,2023,2023-08-01T00:00:00Z,3,F,Ebook,280,Bourgois
Marx et la Poupée,Maryam Madjidi,Iranienne,9782371000438,4,9,2022,2022-04-09T00:00:00Z,4,13,2022,2022-04-13T00:00:00Z,4,F,Ebook,202,Nouvel Attila
Il n'y aura pas de sang versé,Maryline Desbiolles,Française,9782848054780,5,15,2023,2023-05-15T00:00:00Z,5,16,2023,2023-05-16T00:00:00Z,1,F,Ebook,152,Sabine Wespieser
Rupture,Maryline Desbiolles,Française,9782081414204,6,26,2023,2023-06-26T00:00:00Z,6,28,2023,2023-06-28T00:00:00Z,2,F,Ebook,128,Flammarion
Flux,Mathieu Quet,Française,9782355221774,11,1,2022,2022-11-01T00:00:00Z,11,27,2022,2022-11-27T00:00:00Z,26,M,Broché,157,Zones
Lisières du corps,Mathieu Riboulet,Française,9782864328049,2,19,2023,2023-02-19T00:00:00Z,2,21,2023,2023-02-21T00:00:00Z,2,M,Broché,80,Verdier
Le Corps des anges,Mathieu Riboulet,Française,9782070774197,6,7,2023,2023-06-07T00:00:00Z,6,11,2023,2023-06-11T00:00:00Z,4,M,Broché,104,Gallimard
Qu’est-ce que le patrimoine numérique ?,Matteo Treleani,Italienne,9782356875150,11,6,2020,2020-11-06T00:00:00Z,11,7,2020,2020-11-07T00:00:00Z,1,M,Broché,104,Le Bord de l’eau
Colomba de chair et de sang,Max Carabelli de Fozzano,Française,9782884150279,12,5,2022,2022-12-05T00:00:00Z,12,11,2022,2022-12-11T00:00:00Z,6,M,Broché,209,Josette Rousseau
Je sais pourquoi chante l’oiseau en cage,Maya Angelou,Américaine,9782922868821,8,20,2023,2023-08-20T00:00:00Z,8,27,2023,2023-08-27T00:00:00Z,7,F,Ebook,352,Les Allusifs
Canoës,Maylis de Kerangal,Française,9782072945564,3,12,2022,2022-03-12T00:00:00Z,3,16,2022,2022-03-16T00:00:00Z,4,F,Broché,176,Verticales
Ni fleurs ni couronnes,Maylis de Kerangal,Française,9782070777204,7,20,2021,2021-07-20T00:00:00Z,7,21,2021,2021-07-21T00:00:00Z,1,F,Ebook,128,Verticales
Un monde à portée de main,Maylis de Kerangal,Française,9782072790522,8,9,2020,2020-08-09T00:00:00Z,8,15,2020,2020-08-15T00:00:00Z,6,F,Ebook,288,Verticales
La vie voyageuse,Maylis de Kerangal,Française,9782843351617,11,12,2023,2023-11-12T00:00:00Z,11,14,2023,2023-11-14T00:00:00Z,2,F,Broché,160,Verticales
Seyvoz,"Maylis de Kerangal, Joy Sorman",Française,9782360841394,5,31,2022,2022-05-31T00:00:00Z,6,4,2022,2022-06-04T00:00:00Z,4,F,Ebook,100,Inculte
Ok Computer,Michel Delville,Française,9782919296323,2,24,2020,2020-02-24T00:00:00Z,2,29,2020,2020-02-29T00:00:00Z,5,M,Broché,96,Densite
Une histoire populaire du football,Mickaël Correia,Française,9782348058677,8,19,2021,2021-08-19T00:00:00Z,8,28,2021,2021-08-28T00:00:00Z,9,M,Ebook,509,La Découverte
Parce que Vénus a frôlé un cyclamen le jour de ma naissance,Mona Høvring,Norvégienne,9782882506900,6,4,2022,2022-06-04T00:00:00Z,6,4,2022,2022-06-04T00:00:00Z,0,F,Broché,160,Notabilia
L'Opoponax,Monique Wittig,Française,9782707344472,1,31,2023,2023-01-31T00:00:00Z,2,7,2023,2023-02-07T00:00:00Z,7,F,Broché,272,Minuit
La Pensée straight,Monique Wittig,Française,9782354801755,2,21,2023,2023-02-21T00:00:00Z,2,26,2023,2023-02-26T00:00:00Z,5,F,Broché,200,Amsterdam
Les Guerilleres,Monique Wittig,Française,9782707345707,8,19,2023,2023-08-19T00:00:00Z,8,20,2023,2023-08-20T00:00:00Z,1,F,Ebook,208,Minuit
Les petites vertus,Natalia Ginzburg,Italienne,9782356541017,1,19,2023,2023-01-19T00:00:00Z,1,22,2023,2023-01-22T00:00:00Z,3,F,Broché,176,Ypsilon
Assemblage,Natasha Brown,Britannique,9782246828235,5,14,2023,2023-05-14T00:00:00Z,5,14,2023,2023-05-14T00:00:00Z,0,F,Ebook,160,Grasset
Une histoire de France,Nathalie Heinich,Française,9782081470088,3,26,2020,2020-03-26T00:00:00Z,3,28,2020,2020-03-28T00:00:00Z,2,F,Ebook,240,Flammarion
Cavale,Nathalie Quintane,Française,9782846821353,10,30,2023,2023-10-30T00:00:00Z,11,29,2023,2023-11-29T00:00:00Z,30,F,Ebook,256,P.O.L
Sensible,Nedjma Kacimi,Française,9782366245936,3,12,2023,2023-03-12T00:00:00Z,3,18,2023,2023-03-18T00:00:00Z,6,F,Broché,253,Cambourakis
Leurs enfants après eux,Nicolas Mathieu,Française,9782330108717,5,22,2022,2022-05-22T00:00:00Z,5,28,2022,2022-05-28T00:00:00Z,6,M,Ebook,432,Actes Sud
Connemara,Nicolas Mathieu,Française,9782330159702,7,18,2022,2022-07-18T00:00:00Z,7,23,2022,2022-07-23T00:00:00Z,5,M,Ebook,400,Actes Sud
Vers une république des biens communs ?,"Nicole Alix, Jean-Louis Bancel, Benjamin Coriat, Frédéric Sultan",Française,9791020906120,2,28,2022,2022-02-28T00:00:00Z,3,19,2022,2022-03-19T00:00:00Z,19,C,Broché,320,Les liens qui libèrent
Le temps des humanités digitales,Olivier Le Deuff,Française,9782364051225,10,3,2020,2020-10-03T00:00:00Z,10,10,2020,2020-10-10T00:00:00Z,7,M,Broché,176,FYP
"Ma sœur, serial killeuse",Oyinkan Braithwaite,Nigériane,9782413015659,5,15,2022,2022-05-15T00:00:00Z,5,19,2022,2022-05-19T00:00:00Z,4,F,Ebook,240,Delcourt
Histoire du rock à Marseille,Pascal Escobar,Française,9782361397739,2,8,2020,2020-02-08T00:00:00Z,2,11,2020,2020-02-11T00:00:00Z,3,M,Broché,352,Le mot et le reste
La Saison des prunes,Patrice Nganang,Camerounaise,9782848762890,9,12,2022,2022-09-12T00:00:00Z,9,22,2022,2022-09-22T00:00:00Z,10,M,Ebook,448,Philippe Rey
L’espace public au Moyen Âge,Patrick Boucheron et Nicolas Offenstadt,Française,9782130740261,2,14,2022,2022-02-14T00:00:00Z,2,26,2022,2022-02-26T00:00:00Z,12,C,Ebook,380,Presses universitaire de France
La colonisation du quotidien,Patrick Cingolani,Française,9782354802271,5,7,2022,2022-05-07T00:00:00Z,5,15,2022,2022-05-15T00:00:00Z,8,M,Broché,240,Amsterdam
Mélancolie post-coloniale,Paul Gilroy,Britannique,9782490077267,3,4,2021,2021-03-04T00:00:00Z,3,18,2021,2021-03-18T00:00:00Z,14,M,Broché,207,B42
Pacific Park,Philip K. Dick,Américaine,9782264041890,1,1,2020,2020-01-01T00:00:00Z,1,3,2020,2020-01-03T00:00:00Z,2,M,Broché,244,10-18
Le dossier sauvage,Philippe Artières,Française,9782072854811,5,28,2021,2021-05-28T00:00:00Z,5,31,2021,2021-05-31T00:00:00Z,3,M,Ebook,168,Verticales
Le peuple du Larzac,Philippe Artières,Française,9782348042690,6,11,2021,2021-06-11T00:00:00Z,6,16,2021,2021-06-16T00:00:00Z,5,M,Broché,299,La Découverte
Au printemps des monstres,Philippe Jaenada,Française,9782080238184,11,4,2021,2021-11-04T00:00:00Z,12,5,2021,2021-12-05T00:00:00Z,31,M,Ebook,752,Mialet-Barrault
La Fabrique du Monstre,Philippe Pujol,Française,9782352044598,10,22,2021,2021-10-22T00:00:00Z,10,25,2021,2021-10-25T00:00:00Z,3,M,Broché,384,P.O.L
La fabrique du monstre,Philippe Pujol,Française,9782352044598,2,13,2020,2020-02-13T00:00:00Z,2,17,2020,2020-02-17T00:00:00Z,4,M,Ebook,315,Les Arènes
Charlemagne et Mahomet. En Espagne (VIIIe-IXe siècles) (Folio histoire),Philippe Sénac,Française,9782070357949,9,22,2021,2021-09-22T00:00:00Z,9,25,2021,2021-09-25T00:00:00Z,3,M,Ebook,432,Gallimard
Mythologies d'hiver,Pierre Michon,Française,9782864322641,9,12,2021,2021-09-12T00:00:00Z,9,13,2021,2021-09-13T00:00:00Z,1,M,Broché,87,Verdier
"Numérique, la tentation du service",Pierre-Damien Huyghe,Française,9782490077717,6,29,2022,2022-06-29T00:00:00Z,7,11,2022,2022-07-11T00:00:00Z,12,M,Broché,136,B42
Turing à la plage,Rachid Guerraoui,Marocain,9782100795550,12,16,2020,2020-12-16T00:00:00Z,12,21,2020,2020-12-21T00:00:00Z,5,M,Ebook,208,Dunod
La Race tue deux fois,Rachida Brahim,Française,9782849508442,10,16,2023,2023-10-16T00:00:00Z,10,26,2023,2023-10-26T00:00:00Z,10,F,Ebook,228,Syllepse
L’art de Marcher,Rebecca Solnit,Américaine,9782742747405,12,19,2022,2022-12-19T00:00:00Z,12,27,2022,2022-12-27T00:00:00Z,8,F,Broché,400,Actes Sud
Ces hommes qui m’expliquent la vie,Rebecca Solnit,Américaine,9782757888254,4,14,2023,2023-04-14T00:00:00Z,4,22,2023,2023-04-22T00:00:00Z,8,F,Broché,176,Points
Marseille ville morte,René Rebuffat,Française,9782950284716,9,26,2020,2020-09-26T00:00:00Z,10,25,2020,2020-10-25T00:00:00Z,29,M,Broché,355,Maurice Garçon
Se ressaisir,Rose-Marie Lagrave,Française,9782348045035,5,31,2023,2023-05-31T00:00:00Z,6,7,2023,2023-06-07T00:00:00Z,7,F,Ebook,432,La Découverte
Exit Wounds,Rutu Modan,Israëlienne,9782742771073,4,19,2020,2020-04-19T00:00:00Z,4,21,2020,2020-04-21T00:00:00Z,2,F,Broché,176,Actes Sud
L’ironie du destin,Sabine Dullin,Française,9782228929295,9,9,2022,2022-09-09T00:00:00Z,10,4,2022,2022-10-04T00:00:00Z,25,F,Broché,304,Payot
Architecture de la contre-révolution,Samia Henni,Algérienne,9782490077205,2,6,2022,2022-02-06T00:00:00Z,2,17,2022,2022-02-17T00:00:00Z,11,F,Broché,352,B42
Personne ne sort les fusils,Sandra Lucbert,Française,9782021456554,10,6,2023,2023-10-06T00:00:00Z,10,10,2023,2023-10-10T00:00:00Z,4,F,Ebook,156,Seuil
Le conflit n’est pas une agression,Sarah Schulman,Américaine,9782490077489,9,1,2021,2021-09-01T00:00:00Z,10,1,2021,2021-10-01T00:00:00Z,30,F,Broché,248,B42
Réenchanter le monde,Silvia Federici,Italienne,9782940426638,1,5,2023,2023-01-05T00:00:00Z,1,19,2023,2023-01-19T00:00:00Z,14,F,Broché,304,Entremonde
Féminisme décolonial,Stéphane Dufoix,Française,9782381910505,4,10,2023,2023-04-10T00:00:00Z,4,15,2023,2023-04-15T00:00:00Z,5,M,Broché,104,Anamosa
"La Supplication - Tchernobyl, chronique du monde après l'apocalypse",Svetlana Aleksievitch,Biélorusse,9782290300312,3,19,2021,2021-03-19T00:00:00Z,3,28,2021,2021-03-28T00:00:00Z,9,F,Ebook,250,J'ai Lu
Les Cercueils de zinc,Svetlana Aleksievitch,Biélorusse,9782267016307,10,10,2022,2022-10-10T00:00:00Z,10,24,2022,2022-10-24T00:00:00Z,14,F,Ebook,384,Christian Bourgeois
Panthères et pirates,Sylvain Pattieu,Française,9782348069109,10,25,2022,2022-10-25T00:00:00Z,10,30,2022,2022-10-30T00:00:00Z,5,M,Ebook,300,La Découverte
Forêt-Furieuse,Sylvain Pattieu,Française,9782812618338,3,28,2020,2020-03-28T00:00:00Z,4,3,2020,2020-04-03T00:00:00Z,6,M,Ebook,656,Rouergue
Les otages,Taina Tervonen,Française,9782381340302,1,2,2023,2023-01-02T00:00:00Z,1,5,2023,2023-01-05T00:00:00Z,3,F,Broché,300,Marchialy
Le Bateau-usine,Takiji Kobayashi,Japonaise,9782844859617,7,21,2021,2021-07-21T00:00:00Z,7,22,2021,2021-07-22T00:00:00Z,1,M,Ebook,176,Allia
Norlisk,Taline Ter Minassian,Française,9782365090872,1,26,2020,2020-01-26T00:00:00Z,1,26,2020,2020-01-26T00:00:00Z,0,F,Broché,176,B2
La nuit du premier jour,Theresa Révay,Française,9782226445810,5,16,2023,2023-05-16T00:00:00Z,5,27,2023,2023-05-27T00:00:00Z,11,F,Ebook,496,Albin Michel
La Montagne magique T.2,Thomas Mann,Allemande,9782253018452,1,16,2020,2020-01-16T00:00:00Z,3,1,2020,2020-03-01T00:00:00Z,45,M,Ebook,458,Livre de poche
L’ami,Tiffany Tavernier,Française,9782848053851,8,27,2023,2023-08-27T00:00:00Z,8,31,2023,2023-08-31T00:00:00Z,4,F,Ebook,264,Sabine Wespieser
L'éblouissement des petites filles,Timothée Stanculescu,Française,9782080256171,3,18,2022,2022-03-18T00:00:00Z,3,24,2022,2022-03-24T00:00:00Z,6,F,Ebook,368,Flammarion
Le livre d’un été,Tove Jansson,Finlandaise,9782253194798,9,10,2023,2023-09-10T00:00:00Z,9,12,2023,2023-09-12T00:00:00Z,2,F,Ebook,168,Le livre de poche
La fille du sculpteur,Tove Jansson,Finlandaise,9782924898864,10,10,2023,2023-10-10T00:00:00Z,10,14,2023,2023-10-14T00:00:00Z,4,F,Ebook,176,La peuplade
Petit Déjeuner chez Tiffany,Truman Capote,Américaine,9782070363643,9,20,2020,2020-09-20T00:00:00Z,9,27,2020,2020-09-27T00:00:00Z,7,M,Broché,192,Gallimard
Se libérer de la domination des chiffres,Valérie Charolles,Française,9782213717241,7,23,2022,2022-07-23T00:00:00Z,8,5,2022,2022-08-05T00:00:00Z,13,F,Ebook,298,Fayard
"Le sexisme, une affaire d’hommes",Valérie Rey-Robert,Française,9782377291304,3,29,2021,2021-03-29T00:00:00Z,4,4,2021,2021-04-04T00:00:00Z,6,F,Broché,264,Libertalia
Récits de la Kolyma,Varlam Chalamov,Russe,9782864327363,2,16,2023,2023-02-16T00:00:00Z,2,19,2023,2023-02-19T00:00:00Z,3,M,Broché,192,Verdier
Mourir à Sakiet,Véronique Gazeau-Godet et Tramor Quemeneur,N/A,9782130835714,4,4,2023,2023-04-04T00:00:00Z,6,9,2023,2023-06-09T00:00:00Z,66,C,Ebook,395,Presses universitaire de France
Au pied du mur,Vincent Lemire,Française,9782021461954,8,9,2022,2022-08-09T00:00:00Z,8,14,2022,2022-08-14T00:00:00Z,5,M,Ebook,416,Seuil
Autobiographie d'un poulpe,Vinciane Despret,Française,9782330147631,5,13,2021,2021-05-13T00:00:00Z,5,16,2021,2021-05-16T00:00:00Z,3,F,Ebook,156,Actes Sud
Mrs. Dalloway,Virginia Woolf,Britannique,9782818052006,10,9,2021,2021-10-09T00:00:00Z,10,22,2021,2021-10-22T00:00:00Z,13,F,Ebook,334,L’Iconoclaste
Une pièce à soi,Virginia Woolf,Britannique,9782743621858,9,5,2020,2020-09-05T00:00:00Z,9,13,2020,2020-09-13T00:00:00Z,8,F,Ebook,192,Rivages
Mordre au travers,Virginie Despentes,Française,9782290230312,3,15,2022,2022-03-15T00:00:00Z,3,20,2022,2022-03-20T00:00:00Z,5,F,Ebook,128,Librio
Cher connard,Virginie Despentes,Française,9782246826514,8,27,2022,2022-08-27T00:00:00Z,9,10,2022,2022-09-10T00:00:00Z,14,F,Ebook,352,Grasset
Manaraga,Vladimir Sorokine,Russe,9782355970382,8,28,2022,2022-08-28T00:00:00Z,9,3,2022,2022-09-03T00:00:00Z,6,M,Broché,250,L’inventaire
Telluria,Vladimir Sorokine,Russe,9782330074982,8,12,2021,2021-08-12T00:00:00Z,8,19,2021,2021-08-19T00:00:00Z,7,M,Ebook,354,Actes Sud
Franck Merriwell à la Maison blanche,Ward Moore,Américaine,9782369350217,11,8,2020,2020-11-08T00:00:00Z,11,9,2020,2020-11-09T00:00:00Z,1,M,Broché,80,Passager clandestin
Le corps est une chimère,Wendy Delorme,Française,9791030702163,8,9,2023,2023-08-09T00:00:00Z,8,11,2023,2023-08-11T00:00:00Z,2,F,Ebook,272,Au diable vauvert
Tempête,William Shakespeare,Britannique,9782081331808,11,1,2020,2020-11-01T00:00:00Z,11,3,2020,2020-11-03T00:00:00Z,2,M,Broché,304,Flammarion
Mais leurs yeux dardaient sur Dieu,Zora Neale Hurston,Américaine,9782843049323,12,22,2022,2022-12-22T00:00:00Z,12,30,2022,2022-12-30T00:00:00Z,8,F,Ebook,256,Zulma
Juifs et capitalisme. Aux origines d'une légende,Francesca Trivellato,Italienne,9782021457889,1,1,2024,2024-01-01T00:00:00Z,1,6,2024,2024-06-01T00:00:00Z,5,F,Ebook,432,Seuil
Eden,Auður Ava Ólafsdóttir,Islandaise,9791038702288,1,2,2024,2024-02-01T00:00:00Z,1,6,2024,2024-06-01T00:00:00Z,4,F,Ebook,256,Zulma
La vérité sur la lumière,Auður Ava Ólafsdóttir,Islandaise,9791038700642,1,6,2024,2024-06-01T00:00:00Z,1,10,2024,2024-10-01T00:00:00Z,4,F,Ebook,224,Zulma
"Codes, races, climats habitudes",Wendy Hui Kyong Chun,N/A,9782378963576,1,6,2024,2024-06-01T00:00:00Z,1,13,2024,2024-01-13T00:00:00Z,7,F,Broché,192,Les presses du réel
La femme qui a reconstitué le monde,Eva Tind,Danoise,9782072957468,1,10,2024,2024-10-01T00:00:00Z,1,18,2024,2024-01-18T00:00:00Z,8,F,Ebook,560,Gallimard
Ce que le football est devenu,Jérôme Latta,Française,9791097088637,1,17,2024,2024-01-17T00:00:00Z,1,21,2024,2024-01-21T00:00:00Z,4,M,Broché,200,Divergences
L’effet maternel,Virginie Linhart,Française,9782081505414,1,20,2024,2024-01-20T00:00:00Z,1,20,2024,2024-01-20T00:00:00Z,0,F,Ebook,224,Flammarion
Une sale affaire,Virginie Linhart,Française,9782080415851,1,21,2024,2024-01-21T00:00:00Z,1,23,2024,2024-01-23T00:00:00Z,2,F,Ebook,192,Flammarion
Habiter l’indépendance,Coll.,N/A,9782957749812,1,23,2024,2024-01-23T00:00:00Z,1,28,2024,2024-01-28T00:00:00Z,5,C,Broché,352,SHED
La lectrice disparue,Sigríður Hagalín Björnsdóttir,Islandaise,9782847209938,1,25,2024,2024-01-25T00:00:00Z,2,3,2024,2024-03-02T00:00:00Z,9,F,Ebook,336,Gaïa
Le soin des choses,Jérôme Denis et David Pontille,Française,9782348064838,2,3,2024,2024-03-02T00:00:00Z,2,19,2024,2024-02-19T00:00:00Z,16,M,Broché,376,La Découverte
Althusser assassin,Francis Dupuis-Déri,Canadienne,9782890918443,2,6,2024,2024-06-02T00:00:00Z,2,7,2024,2024-07-02T00:00:00Z,1,M,Broché,100,Remue-ménage
Play Boy,Constance Debré,Française,9782234084292,2,8,2024,2024-08-02T00:00:00Z,2,8,2024,2024-08-02T00:00:00Z,0,F,Broché,160,Stock
Que faire des classes moyennes,Nathalie Quintane,Française,9782818041000,2,7,2024,2024-07-02T00:00:00Z,2,11,2024,2024-11-02T00:00:00Z,4,F,Ebook,112,P.O.L
Io sono la bestia,Andrea Donaera,Italienne,9782366245783,2,11,2024,2024-11-02T00:00:00Z,2,18,2024,2024-02-18T00:00:00Z,7,M,Ebook,200,Cambourakis
En vérité Alice,Tiffany Tavernier,Française,9782848055060,2,18,2024,2024-02-18T00:00:00Z,2,24,2024,2024-02-24T00:00:00Z,6,F,Ebook,288,Sabine Wespieser
L’été où tout a fondu,Tiffany McDaniel,Américaine,9782351782514,2,24,2024,2024-02-24T00:00:00Z,3,13,2024,2024-03-13T00:00:00Z,18,F,Broché,480,Gallmeister
La nuit de noces,Aïcha Limbada,Française,9782348073168,2,16,2024,2024-02-16T00:00:00Z,3,6,2024,2024-06-03T00:00:00Z,19,F,Broché,352,La Découverte
Les filles du coin,Yaëlle Amsellem-Mainguy,Française,9782724640908,3,3,2024,2024-03-03T00:00:00Z,3,30,2024,2024-03-30T00:00:00Z,27,F,Ebook,272,Presses de Sciences Po
Cézanne,Marie-Hélène Lafon,Française,9782080421357,4,1,2024,2024-01-04T00:00:00Z,4,6,2024,2024-06-04T00:00:00Z,5,F,Ebook,176,Flammarion
La France des larmes,Emmanuel Fureix,Française,9782876734975,3,25,2024,2024-03-25T00:00:00Z,4,5,2024,2024-05-04T00:00:00Z,11,M,Ebook,512,Champ Vallon
Le jour où mon père s’est tu,Virginie Linhart,Française,9782020913676,4,7,2024,2024-07-04T00:00:00Z,4,11,2024,2024-11-04T00:00:00Z,4,F,Ebook,180,Seuil
Rien ne s’oppose à la nuit,Delphine de Vigan,Française,9782709635790,4,11,2024,2024-11-04T00:00:00Z,4,20,2024,2024-04-20T00:00:00Z,9,F,Ebook,440,JC Lattès
Servir les riches,Alizée Delpierre,Française,9782348069024,4,6,2024,2024-06-04T00:00:00Z,4,7,2024,2024-07-04T00:00:00Z,1,F,Ebook,208,La Découverte
Le malentendu,Asad Haider,Américaine,9782354802561,4,13,2024,2024-04-13T00:00:00Z,4,17,2024,2024-04-17T00:00:00Z,4,M,Broché,176,Amsterdam
Les filles du chasseur d’ours,Anneli Jordahl,Suédoise,9791032928493,4,20,2024,2024-04-20T00:00:00Z,4,29,2024,2024-04-29T00:00:00Z,9,F,Ebook,445,L’Observatoire
Les hommes et le féminisme,Francis Dupuis-Déri,Canadienne,9782845979789,4,29,2024,2024-04-29T00:00:00Z,5,2,2024,2024-02-05T00:00:00Z,3,M,Broché,160,Textuel
"La Mère, le Sainte et la Putain",Wendy Delorme,Française,9782846264211,5,1,2024,2024-01-05T00:00:00Z,5,4,2024,2024-04-05T00:00:00Z,3,F,Ebook,200,Au diable vauvert
Pour l’intersectionnalité,"Sarah Mazouz, Eléonor Lépinard",Française,9782381910277,5,3,2024,2024-03-05T00:00:00Z,5,4,2024,2024-04-05T00:00:00Z,1,F,Broché,72,Anamosa
Les Santigao Boys,Evgeny Morozov,Américaine,9791097088699,5,4,2024,2024-04-05T00:00:00Z,5,7,2024,2024-07-05T00:00:00Z,3,M,Broché,250,Divergences
Le Sanctuaire,Laurine Roux,Française,9782373852158,5,7,2024,2024-07-05T00:00:00Z,5,8,2024,2024-08-05T00:00:00Z,1,F,Ebook,147,Du Sonneur
Voyages sans bagages,Tove Jansson,Finlandaise,9782925141952,5,9,2024,2024-09-05T00:00:00Z,5,11,2024,2024-11-05T00:00:00Z,2,F,Ebook,280,La peuplade
La modernité désenchantée,"Emmanuel Fureix, François Jarrige",Française,9782348057540,5,11,2024,2024-11-05T00:00:00Z,5,20,2024,2024-05-20T00:00:00Z,9,M,Ebook,416,La Découverte
L’autre moitié du monde,Laurine Roux,Française,9782373852530,5,20,2024,2024-05-20T00:00:00Z,5,23,2024,2024-05-23T00:00:00Z,3,F,Ebook,255,La peuplade
Mélancolie ouvrière,Michelle Perrot,Française,9782246797791,5,24,2024,2024-05-24T00:00:00Z,5,26,2024,2024-05-26T00:00:00Z,2,F,Ebook,192,Grasset
Des archives considérées comme une substance hallucinogène,Michel Melot,Française,9782357231801,5,25,2024,2024-05-25T00:00:00Z,5,25,2024,2024-05-25T00:00:00Z,0,M,Broché,46,Ecole nationale des chartes
Encabanée,Gabrielle Filteau-Chiba,Canadienne,9782361397029,5,26,2024,2024-05-26T00:00:00Z,5,28,2024,2024-05-28T00:00:00Z,2,F,Ebook,120,Les mots et le reste
"Vidal, tueur de femmes","Philippe Artières, Dominique Kalifa",Française,9782864329220,5,26,2024,2024-05-26T00:00:00Z,6,4,2024,2024-04-06T00:00:00Z,9,M,Ebook,368,Verdier
Betty,Tiffany McDaniel,Américaine,9782351782453,6,2,2024,2024-02-06T00:00:00Z,7,13,2024,2024-07-13T00:00:00Z,41,F,Ebook,720,Gallmeister
Les campagnes Françaises à l’époque moderne,Emmanuelle Charpentier,Française,9782200624552,6,5,2024,2024-05-06T00:00:00Z,6,30,2024,2024-06-30T00:00:00Z,25,F,Ebook,368,Armand Colin
Schizophrénie numérique,Anne Alombert,Française,9791030429671,7,2,2024,2024-02-07T00:00:00Z,7,9,2024,2024-09-07T00:00:00Z,7,F,Broché,94,Allia
Le miasme et la jonquille,Alain Corbin,Française,9782081382411,7,11,2024,2024-11-07T00:00:00Z,8,4,2024,2024-04-08T00:00:00Z,24,M,Ebook,432,Flammarion
La Fabrique du droit,Bruno Latour,Française,9782707144720,7,16,2024,2024-07-16T00:00:00Z,8,15,2024,2024-08-15T00:00:00Z,30,M,Broché,324,La Découverte
Colline,Jean Giono,Française,9782253002895,7,21,2024,2024-07-21T00:00:00Z,7,22,2024,2024-07-22T00:00:00Z,1,M,Ebook,160,Le livre de poche
Le grand troupeau,Jean Giono,Française,9782070367603,7,22,2024,2024-07-22T00:00:00Z,7,28,2024,2024-07-28T00:00:00Z,6,M,Ebook,256,Le livre de poche
L’île,Sigríður Hagalín Björnsdóttir,Islandaise,9782847208153,8,4,2024,2024-04-08T00:00:00Z,8,6,2024,2024-06-08T00:00:00Z,2,F,Ebook,272,Gaïa
Nouvelle histoire de la révolution,Annie Jourdan,Française,9782081250369,8,6,2024,2024-06-08T00:00:00Z,9,1,2024,2024-01-09T00:00:00Z,26,F,Ebook,656,Flammarion
La danse de l’argia,Clara Gallini,Italienne,9782841626908,8,21,2024,2024-08-21T00:00:00Z,8,26,2024,2024-08-26T00:00:00Z,5,F,Broché,344,Edition de l’éclats
"Io, Jean Gabin",Goliarda Sapienza,Italienne,9782370551276,8,24,2024,2024-08-24T00:00:00Z,8,30,2024,2024-08-30T00:00:00Z,6,F,Broché,138,Le Tripode
The Women's Room,Marilyn French,Américaine,9782221269664,8,15,2024,2024-08-15T00:00:00Z,9,15,2024,2024-09-15T00:00:00Z,31,F,Ebook,704,Robert Laffont
La Vendée et la Révolution,Jean-Clément Martin,Française,9782262025977,9,2,2024,2024-02-09T00:00:00Z,9,7,2024,2024-07-09T00:00:00Z,5,M,Ebook,288,Perrin
La mine en procès,Philippe Artières,Française,9782381910628,9,7,2024,2024-07-09T00:00:00Z,9,25,2024,2024-09-25T00:00:00Z,18,M,Broché,256,Anamosa
Jour de ressac,Maylis de Kerangal,Française,9782073054975,9,15,2024,2024-09-15T00:00:00Z,9,20,2024,2024-09-20T00:00:00Z,5,F,Broché,256,Verticales
Diner à Douarnenez,Claude McKay,Américaine,9791097210137,9,21,2024,2024-09-21T00:00:00Z,9,22,2024,2024-09-22T00:00:00Z,1,M,Broché,100,Héliotropismes
Frapper l'épopée,Alice Zeniter,Française,9782080440587,9,22,2024,2024-09-22T00:00:00Z,10,2,2024,2024-02-10T00:00:00Z,10,F,Ebook,352,Flammarion
Survivre,Jérémie Foa,Française,9782021181272,9,26,2024,2024-09-26T00:00:00Z,10,13,2024,2024-10-13T00:00:00Z,17,M,Broché,352,Seuil
La langue des choses cachées,Cécile Coulon,Française,9782378804046,10,1,2024,2024-01-10T00:00:00Z,10,6,2024,2024-06-10T00:00:00Z,5,F,Ebook,134,L’Iconoclaste
La désinvolture est une bien belle chose,Philippe Jaenada,Française,9782080427298,10,6,2024,2024-06-10T00:00:00Z,10,25,2024,2024-10-25T00:00:00Z,19,M,Ebook,496,Mialet-Barrault
Pour Britney,Louise Chennevière,Française,9782818061381,10,13,2024,2024-10-13T00:00:00Z,10,14,2024,2024-10-14T00:00:00Z,1,F,Ebook,144,P.O.L
The Left Hand of Darkness,Ursula K. Le Guin,Américaine,9782221255698,10,25,2024,2024-10-25T00:00:00Z,11,18,2024,2024-11-18T00:00:00Z,24,F,Ebook,312,Robert Laffont
Au coeur de l’archive coloniale,Ann Laura Stoler,Américaine,9782713227738,10,26,2024,2024-10-26T00:00:00Z,11,15,2024,2024-11-15T00:00:00Z,20,F,Broché,392,EHESS
La prophète rouge,Julie Pagis,Française,9782348078897,11,2,2024,2024-02-11T00:00:00Z,11,12,2024,2024-12-11T00:00:00Z,10,F,Broché,352,La Découverte
De l’écran à l’émotion quand le numérique devient patrimoine,Emmanuelle Bermès,Française,9782357231870,11,13,2024,2024-11-13T00:00:00Z,11,20,2024,2024-11-20T00:00:00Z,7,F,Broché,239,Ecole nationale des chartes
Nord sentinelle,Jérôme Ferrari,Française,9782330194413,11,19,2024,2024-11-19T00:00:00Z,11,0,2024,2025-11-01T00:00:00Z,0,M,Ebook,0,Actes Sud
Intermezzo,Sally Rooney,Irlandaise,9782073074621,11,21,2024,2024-11-21T00:00:00Z,12,1,2024,2024-01-12T00:00:00Z,10,F,Ebook,464,Gallimard
Conservation entre amis,Sally Rooney,Irlandaise,9782823610710,12,1,2024,2024-01-12T00:00:00Z,12,7,2024,2024-07-12T00:00:00Z,6,F,Ebook,400,L’Olivier
Normal People,Sally Rooney,Irlandaise,9782823615241,12,7,2024,2024-07-12T00:00:00Z,12,9,2024,2024-09-12T00:00:00Z,2,F,Ebook,320,L’Olivier
"Où es-tu, monde admirable ",Sally Rooney,Irlandaise,9782823618501,12,9,2024,2024-09-12T00:00:00Z,12,15,2024,2024-12-15T00:00:00Z,6,F,Ebook,384,L’Olivier
Ann d’Angleterre,Julia Deck,Française,9782021576535,12,15,2024,2024-12-15T00:00:00Z,12,17,2024,2024-12-17T00:00:00Z,2,F,Ebook,256,Seuil
Amis ou ennemis,Régine Le Jan,Française,9782021539578,12,17,2024,2024-12-17T00:00:00Z,1,4,2025,2025-04-01T00:00:00Z,18,F,Ebook,528,Seuil
Offenses,Constance Debré,Française,9782080286147,1,3,2025,2025-03-01T00:00:00Z,1,4,2025,2025-04-01T00:00:00Z,1,F,Ebook,128,Flammarion
Mr. Salary,Sally Rooney,Irlandaise,9780571351954,1,4,2025,2025-04-01T00:00:00Z,1,4,2025,2025-04-01T00:00:00Z,0,F,Ebook,48,Faber and Faber
La Coupe d'or,Henry James,Américaine,9782021081312,1,4,2025,2025-04-01T00:00:00Z,2,2,2025,2025-02-02T00:00:00Z,29,M,Ebook,704,Seuil
S'engager en historienne,Michelle Perrot,Française,9782271149404,1,12,2025,2025-12-01T00:00:00Z,1,13,2025,2025-01-13T00:00:00Z,1,F,Ebook,80,CNRS éditions
Barbès Blues,Hajer Ben Boubaker,Française,9782021517859,1,17,2025,2025-01-17T00:00:00Z,1,22,2025,2025-01-22T00:00:00Z,5,F,Ebook,304,Seuil
Nom,Constance Debré,Française,9782081515932,1,24,2025,2025-01-24T00:00:00Z,1,26,2025,2025-01-26T00:00:00Z,2,F,Ebook,176,Flammarion
Ecumeurs des quais,Michel Péraldi et Fabien Bartolotti,Française,9782356982629,1,29,2025,2025-01-29T00:00:00Z,2,7,2025,2025-07-02T00:00:00Z,9,M,Broché,272,Gaussen
Le Corps lesbien,Monique Wittig,Française,9782707348296,2,3,2025,2025-03-02T00:00:00Z,2,9,2025,2025-09-02T00:00:00Z,6,F,Ebook,192,Minuit
Éloge du bug. Être libre à l'époque numérique,Marcello Vitali-Rosati,Italienne,9782355222238,2,8,2025,2025-08-02T00:00:00Z,2,13,2025,2025-02-13T00:00:00Z,5,M,Broché,208,Zones
Panorama,Lilia Hassaine,Française,9782073035059,2,9,2025,2025-09-02T00:00:00Z,2,15,2025,2025-02-15T00:00:00Z,6,F,Ebook,240,Gallimard
Blizzard,Marie Vingtras,Française,9782823617054,2,16,2025,2025-02-16T00:00:00Z,2,17,2025,2025-02-17T00:00:00Z,1,F,Ebook,192,L’Olivier
Les âmes féroces,Marie Vingtras,Française,9782823621020,2,17,2025,2025-02-17T00:00:00Z,2,21,2025,2025-02-21T00:00:00Z,4,F,Ebook,272,L’Olivier
Au revoir là-haut,Pierre Lemaitre,Française,9782226249678,2,21,2025,2025-02-21T00:00:00Z,3,3,2025,2025-03-03T00:00:00Z,10,M,Broché,576,Albin Michel
Mortepeau,Natalia García Freire,Équatorienne,9782267044621,2,24,2025,2025-02-24T00:00:00Z,3,1,2025,2025-01-03T00:00:00Z,5,F,Ebook,160,Bourgois
Le Temps d'après,Jean Hegland,Américaine,9782351783054,3,1,2025,2025-01-03T00:00:00Z,3,25,2025,2025-03-25T00:00:00Z,24,F,Ebook,352,Gallmeister
Au bord de l’effacement,Anouche Kunth,Française,9782348057908,3,9,2025,2025-09-03T00:00:00Z,3,15,2025,2025-03-15T00:00:00Z,6,F,Broché,288,La Découverte
En exil,Elisa Lispector,Brésilienne,9782721003263,3,16,2025,2025-03-16T00:00:00Z,3,24,2025,2025-03-24T00:00:00Z,8,F,Broché,250,Des femmes – Antoinette Fouque
Le ciel en sa fureur,Adeline Fleury,Française,9791032929049,3,24,2025,2025-03-24T00:00:00Z,4,2,2025,2025-02-04T00:00:00Z,9,F,Ebook,208,L’observatoire
Blackness,bell hooks,Américaine,9782228936118,3,22,2025,2025-03-22T00:00:00Z,3,31,2025,2025-03-31T00:00:00Z,9,F,Broché,128,Payot
Sorcières et sorciers,Michelle Zancarini-Fournel,Française,9782377293476,4,1,2025,2025-01-04T00:00:00Z,4,6,2025,2025-06-04T00:00:00Z,5,F,Broché,186,Libertalia
Les ravissements,Jan Carson,Britannique,9782848054681,4,3,2025,2025-03-04T00:00:00Z,4,16,2025,2025-04-16T00:00:00Z,13,F,Ebook,440,Sabine Wespieser
Cogitamus,Bruno Latour,Française,9782707182005,4,7,2025,2025-07-04T00:00:00Z,4,10,2025,2025-10-04T00:00:00Z,3,M,Ebook,256,La Découverte
Les femmes ou le silence de l’histoire,Michelle Perrot,Française,9782080489920,4,12,2025,2025-12-04T00:00:00Z,4,27,2025,2025-04-27T00:00:00Z,15,F,Ebook,704,Flammarion
Marseille année 40,Mary Jayne Gold,Américaine,9782752902016,4,27,2025,2025-04-27T00:00:00Z,6,25,2025,2025-06-25T00:00:00Z,59,F,Broché,480,Phébus
"Flora Tristan, Promenades dans Londres, ou, L'Aristocratie et les Prolétaires Anglais (ed. François Bédarida). Paris: François Maspero, 1978. 358 pp. No price stated",Flora Tristan,Française,9782070347735,4,27,2025,2025-04-27T00:00:00Z,5,1,2025,2025-01-05T00:00:00Z,4,F,Ebook,144,Gallimard
Résister,Salomé Saqué,Française,9782228937597,5,1,2025,2025-01-05T00:00:00Z,5,4,2025,2025-04-05T00:00:00Z,3,F,Ebook,144,Payot
La Petite Fadette,George Sand,Française,9782080444936,5,4,2025,2025-04-05T00:00:00Z,5,8,2025,2025-08-05T00:00:00Z,4,F,Ebook,272,Flammarion
Laëtitia,Ivan Jablonka,Française,9782021291209,5,11,2025,2025-11-05T00:00:00Z,5,18,2025,2025-05-18T00:00:00Z,7,M,Ebook,400,Seuil
vies rebelles,Saidiya V. Hartman,Américaine,9782021496949,5,19,2025,2025-05-19T00:00:00Z,6,2,2025,2025-02-06T00:00:00Z,14,F,Ebook,464,Seuil
Mother milk,Deborah Levy,Britannique,9782364686830,6,2,2025,2025-02-06T00:00:00Z,6,7,2025,2025-07-06T00:00:00Z,5,F,Ebook,332,Du Sous-sol
Un couple panafricain,Elara Bertho,Française,9782959005527,6,7,2025,2025-07-06T00:00:00Z,6,8,2025,2025-08-06T00:00:00Z,1,F,Broché,160,Rot-Bo-Krik
Il n’a jamais été trop tard,Lola Lafon,Française,9782234097872,6,9,2025,2025-09-06T00:00:00Z,6,10,2025,2025-10-06T00:00:00Z,1,F,Broché,240,Stock
La vengeance m’appartient,Marie NDiaye,Française,9782072841941,6,9,2025,2025-09-06T00:00:00Z,6,12,2025,2025-12-06T00:00:00Z,3,F,Ebook,240,Gallimard
Mon vrai nom est Élisabeth,Adèle Yon,Française,9782364689572,6,12,2025,2025-12-06T00:00:00Z,6,22,2025,2025-06-22T00:00:00Z,10,F,Ebook,400,Sous-Sol
L'hibiscus pourpre,Chimamanda Ngozi Adichie,Nigériane,9782070468812,6,22,2025,2025-06-22T00:00:00Z,6,29,2025,2025-06-29T00:00:00Z,7,F,Ebook,416,Gallimard
"Moi, Tituba, sorcière... noire de Salem",Maryse Condé,Française,9782715214408,6,29,2025,2025-06-29T00:00:00Z,7,6,2025,2025-06-07T00:00:00Z,7,F,Ebook,276,Mercure de France
Un psaume pour les recyclés sauvages,Becky Chambers,Américaine,9791036001192,7,4,2025,2025-04-07T00:00:00Z,7,7,2025,2025-07-07T00:00:00Z,3,F,Broché,136,Atalante
Une prière pour les cimes timides,Becky Chambers,Américaine,9791036001291,7,27,2025,2025-07-27T00:00:00Z,7,28,2025,2025-07-28T00:00:00Z,1,F,Broché,120,Atalante
Le Temps de l'innocence,Edith Wharton,Américaine,9782080451583,7,6,2025,2025-06-07T00:00:00Z,7,13,2025,2025-07-13T00:00:00Z,7,F,Ebook,368,Flammarion
Un manifeste hacker,McKenzie Wark,Australienne,n/a,7,13,2025,2025-07-13T00:00:00Z,7,14,2025,2025-07-14T00:00:00Z,1,F,Ebook,0,n/a
Qui annule quoi ?,Laure Murat,Française,9782021495805,7,14,2025,2025-07-14T00:00:00Z,7,14,2025,2025-07-14T00:00:00Z,0,F,Ebook,48,Seuil
Babel,R. F. Kuang,Chinoise,9782378763572,7,15,2025,2025-07-15T00:00:00Z,8,11,2025,2025-11-08T00:00:00Z,27,F,Ebook,768,De Saxus
Le Goût âpre des kakis,Zoyâ Pirzâd,Iranienne,9791038701021,7,15,2025,2025-07-15T00:00:00Z,7,21,2025,2025-07-21T00:00:00Z,6,F,Ebook,224,Zulma
J’ai toujours ton coeur avec moi,Soffía Bjarnadóttir,Islandaise,9782843047640,7,22,2025,2025-07-22T00:00:00Z,7,24,2025,2025-07-24T00:00:00Z,2,F,Ebook,144,Zulma
Le Sabbat des sorcières,Carlo Ginzburg,Italienne,9782072971419,8,2,2025,2025-02-08T00:00:00Z,8,24,2025,2025-08-24T00:00:00Z,22,M,Ebook,704,Gallimard
C’est moi qui éteint les lumières,Zoyâ Pirzâd,Iranienne,9782843046421,8,17,2025,2025-08-17T00:00:00Z,8,21,2025,2025-08-21T00:00:00Z,4,F,Ebook,288,Zulma
Enfance,Tove Ditlevsen,Danoise,9782383612551,8,11,2025,2025-11-08T00:00:00Z,8,13,2025,2025-08-13T00:00:00Z,2,F,Ebook,160,Globe
Jeunesse,Tove Ditlevsen,Danoise,9782383612605,8,13,2025,2025-08-13T00:00:00Z,8,17,2025,2025-08-17T00:00:00Z,4,F,Ebook,208,Globe
La nuit la neige,Claude Pujade-Renaud,Française,9782742708697,8,22,2025,2025-08-22T00:00:00Z,9,8,2025,2025-08-09T00:00:00Z,17,F,Ebook,464,Actes Sud
Les Colonnes infernales,Anne Rolland-Boulestreau,Française,9782213681511,8,24,2025,2025-08-24T00:00:00Z,9,11,2025,2025-11-09T00:00:00Z,18,F,Ebook,336,Fayard
On s’y fera,Zoyâ Pirzâd,Iranienne,9782843044229,9,11,2025,2025-11-09T00:00:00Z,9,23,2025,2025-09-23T00:00:00Z,12,F,Ebook,336,Zulma
Pythéas,François Herbaux,Française,9782251455280,9,12,2025,2025-12-09T00:00:00Z,9,20,2025,2025-09-20T00:00:00Z,8,M,Broché,258,Belles lettre
DJ Bambi,Auður Ava Ólafsdóttir,Islandaise,9791038703933,9,23,2025,2025-09-23T00:00:00Z,9,28,2025,2025-09-28T00:00:00Z,5,F,Broché,208,Zulma
Le bleu et le noir,Clélia Lacam,Française,9782753589810,9,24,2025,2025-09-24T00:00:00Z,10,10,2025,2025-10-10T00:00:00Z,16,F,Broché,432,PUR
La petite bonne,Bérénice Pichat,Française,9782383110293,10,6,2025,2025-06-10T00:00:00Z,10,9,2025,2025-09-10T00:00:00Z,3,F,Ebook,272,Les Avrils
Les oiselles sauvages,Pauline Gonthier,Française,9782260054955,10,10,2025,2025-10-10T00:00:00Z,10,13,2025,2025-10-13T00:00:00Z,3,F,Ebook,208,Julliard
La Maison vide,Laurent Mauvignier,Française,9782707356741,10,13,2025,2025-10-13T00:00:00Z,11,5,2025,2025-05-11T00:00:00Z,23,M,Ebook,752,Minuit
40 ans de musiques Hip Hop en France,Coll.,Française,9782724638905,10,25,2025,2025-10-25T00:00:00Z,11,4,2025,2025-04-11T00:00:00Z,10,C,Broché,243,Presse de Science Po
Les Forces,Laura Vasquez,Française,9782386630224,11,5,2025,2025-05-11T00:00:00Z,11,14,2025,2025-11-14T00:00:00Z,9,F,Broché,304,Sous-Sol
L’échappée bretonne,Régis Delanoë,Française,9791096883134,11,7,2025,2025-07-11T00:00:00Z,11,9,2025,2025-09-11T00:00:00Z,2,M,Broché,320,Coin de la rue
Passés contestés et présents numériques,Daniel Foliard et Julien Schuh,Française,9782385191122,11,10,2025,2025-10-11T00:00:00Z,11,15,2025,2025-11-15T00:00:00Z,5,M,Broché,120,Le bord de l’eau
Une immense sensation de calme,Laurine Roux,Française,9782373850765,11,15,2025,2025-11-15T00:00:00Z,11,17,2025,2025-11-17T00:00:00Z,2,F,Ebook,144,Du Sonneur
Sur l’épaule des géants,Laurine Roux,Française,9782373852691,11,17,2025,2025-11-17T00:00:00Z,11,23,2025,2025-11-23T00:00:00Z,6,F,Ebook,384,Du Sonneur
Chronique du figuier barbare,Sahar Khalifa,Palestinienne,9782070299591,11,23,2025,2025-11-23T00:00:00Z,11,27,2025,2025-11-27T00:00:00Z,4,F,Ebook,208,Gallimard
Les Petits de Décembre,Kaouther Adimi,Algérienne,9782021430806,11,27,2025,2025-11-27T00:00:00Z,11,30,2025,2025-11-30T00:00:00Z,3,F,Ebook,256,Seuil
Parthenia,Pauline Gonthier,Française,9782488335058,12,1,2025,2025-01-12T00:00:00Z,12,4,2025,2025-04-12T00:00:00Z,3,F,Ebook,270,Les léonides
Pearl,Siân Hugues,Britannique,9782386010187,12,4,2025,2025-04-12T00:00:00Z,12,12,2025,2025-12-12T00:00:00Z,8,F,Ebook,336,Le bruit du monde
La passagère des neiges,Ayfer Tunç,Turque,9791038702912,12,12,2025,2025-12-12T00:00:00Z,12,21,2025,2025-12-21T00:00:00Z,9,F,Ebook,240,Zulma
Le rapt d’internet,Cory Doctorow,Canadienne,9782376620921,12,8,2025,2025-08-12T00:00:00Z,12,23,2025,2025-12-23T00:00:00Z,11,M,Broché,240,C&F
